ibge,mesorregiao,microrregiao
1200013,Vale do Acre,Rio Branco
1200054,Vale do Acre,Brasiléia
1200104,Vale do Acre,Brasiléia
1200138,Vale do Acre,Rio Branco
1200179,Vale do Acre,Rio Branco
1200203,Vale do Juruá,Cruzeiro do Sul
1200252,Vale do Acre,Brasiléia
1200302,Vale do Juruá,Tarauacá
1200328,Vale do Juruá,Tarauacá
1200336,Vale do Juruá,Cruzeiro do Sul
1200344,Vale do Acre,Sena Madureira
1200351,Vale do Juruá,Cruzeiro do Sul
1200385,Vale do Acre,Rio Branco
1200807,Vale do Acre,Rio Branco
1200393,Vale do Juruá,Cruzeiro do Sul
1200401,Vale do Acre,Rio Branco
1200427,Vale do Juruá,Cruzeiro do Sul
1200435,Vale do Acre,Sena Madureira
1200500,Vale do Acre,Sena Madureira
1200450,Vale do Acre,Rio Branco
1200609,Vale do Juruá,Tarauacá
1200708,Vale do Acre,Brasiléia
2700102,Sertão Alagoano,Serrana do Sertão Alagoano
2700201,Leste Alagoano,São Miguel dos Campos
2700300,Agreste Alagoano,Arapiraca
2700409,Leste Alagoano,Mata Alagoana
2700508,Leste Alagoano,Maceió
2700607,Leste Alagoano,Maceió
2700706,Sertão Alagoano,Batalha
2700805,Agreste Alagoano,Palmeira dos Índios
2700904,Sertão Alagoano,Batalha
2701001,Leste Alagoano,São Miguel dos Campos
2701100,Leste Alagoano,Mata Alagoana
2701209,Agreste Alagoano,Palmeira dos Índios
2701308,Leste Alagoano,Mata Alagoana
2701357,Leste Alagoano,Mata Alagoana
2701407,Leste Alagoano,São Miguel dos Campos
2701506,Agreste Alagoano,Arapiraca
2701605,Sertão Alagoano,Serrana do Sertão Alagoano
2701704,Leste Alagoano,Mata Alagoana
2701803,Sertão Alagoano,Santana do Ipanema
2701902,Leste Alagoano,Serrana dos Quilombos
2702009,Agreste Alagoano,Arapiraca
2702108,Leste Alagoano,Mata Alagoana
2702207,Leste Alagoano,Maceió
2702306,Leste Alagoano,São Miguel dos Campos
2702355,Agreste Alagoano,Arapiraca
2702405,Sertão Alagoano,Alagoana do Sertão do São Francisco
2702504,Sertão Alagoano,Santana do Ipanema
2702553,Agreste Alagoano,Palmeira dos Índios
2702603,Agreste Alagoano,Arapiraca
2702702,Leste Alagoano,Penedo
2702801,Leste Alagoano,Mata Alagoana
2702900,Agreste Alagoano,Arapiraca
2703007,Leste Alagoano,Serrana dos Quilombos
2703106,Agreste Alagoano,Palmeira dos Índios
2703205,Leste Alagoano,Penedo
2703304,Sertão Alagoano,Serrana do Sertão Alagoano
2703403,Sertão Alagoano,Batalha
2703502,Leste Alagoano,Mata Alagoana
2703601,Leste Alagoano,Litoral Norte Alagoano
2703700,Sertão Alagoano,Batalha
2703759,Leste Alagoano,São Miguel dos Campos
2703809,Leste Alagoano,Mata Alagoana
2703908,Leste Alagoano,Mata Alagoana
2704005,Leste Alagoano,São Miguel dos Campos
2704104,Agreste Alagoano,Arapiraca
2704203,Agreste Alagoano,Arapiraca
2704302,Leste Alagoano,Maceió
2704401,Sertão Alagoano,Batalha
2704906,Agreste Alagoano,Palmeira dos Índios
2704500,Leste Alagoano,Litoral Norte Alagoano
2704609,Sertão Alagoano,Santana do Ipanema
2704708,Leste Alagoano,Maceió
2704807,Agreste Alagoano,Palmeira dos Índios
2705002,Sertão Alagoano,Serrana do Sertão Alagoano
2705101,Leste Alagoano,Mata Alagoana
2705200,Leste Alagoano,Mata Alagoana
2705309,Agreste Alagoano,Palmeira dos Índios
2705408,Sertão Alagoano,Batalha
2705507,Leste Alagoano,Mata Alagoana
2705606,Leste Alagoano,Mata Alagoana
2706000,Sertão Alagoano,Batalha
2706109,Sertão Alagoano,Santana do Ipanema
2706208,Sertão Alagoano,Santana do Ipanema
2706307,Agreste Alagoano,Palmeira dos Índios
2706406,Sertão Alagoano,Santana do Ipanema
2706422,Sertão Alagoano,Serrana do Sertão Alagoano
2706448,Leste Alagoano,Maceió
2706505,Leste Alagoano,Litoral Norte Alagoano
2706604,Agreste Alagoano,Palmeira dos Índios
2706703,Leste Alagoano,Penedo
2706802,Leste Alagoano,Penedo
2706901,Leste Alagoano,Maceió
2707008,Leste Alagoano,Serrana dos Quilombos
2707107,Sertão Alagoano,Alagoana do Sertão do São Francisco
2707206,Sertão Alagoano,Santana do Ipanema
2707305,Leste Alagoano,Mata Alagoana
2707404,Leste Alagoano,Litoral Norte Alagoano
2707503,Leste Alagoano,Penedo
2707602,Agreste Alagoano,Palmeira dos Índios
2707701,Leste Alagoano,Maceió
2707800,Leste Alagoano,São Miguel dos Campos
2707909,Leste Alagoano,Maceió
2708006,Sertão Alagoano,Santana do Ipanema
2708105,Leste Alagoano,Serrana dos Quilombos
2708204,Agreste Alagoano,Traipu
2708303,Leste Alagoano,Serrana dos Quilombos
2708402,Sertão Alagoano,Santana do Ipanema
2708501,Leste Alagoano,Mata Alagoana
2708600,Leste Alagoano,São Miguel dos Campos
2708709,Leste Alagoano,Litoral Norte Alagoano
2708808,Agreste Alagoano,Arapiraca
2708907,Leste Alagoano,Maceió
2906105,Extremo Oeste Baiano,Santa Maria da Vitória
2906204,Centro Norte Baiano,Irecê
2906303,Sul Baiano,Ilhéus-Itabuna
2906402,Nordeste Baiano,Serrinha
2906501,Metropolitana de Salvador,Salvador
2906600,Centro Sul Baiano,Guanambi
2906709,Centro Sul Baiano,Vitória da Conquista
2906808,Nordeste Baiano,Euclides da Cunha
2906824,Nordeste Baiano,Euclides da Cunha
2906857,Nordeste Baiano,Serrinha
2906873,Centro Norte Baiano,Jacobina
2906899,Centro Sul Baiano,Brumado
2906907,Sul Baiano,Porto Seguro
2907004,Nordeste Baiano,Entre Rios
2907103,Vale São-Franciscano da Bahia,Bom Jesus da Lapa
2907202,Vale São-Franciscano da Bahia,Juazeiro
2907301,Metropolitana de Salvador,Santo Antônio de Jesus
2907400,Extremo Oeste Baiano,Barreiras
2907509,Metropolitana de Salvador,Catu
2907558,Centro Sul Baiano,Boquira
2907608,Centro Norte Baiano,Irecê
2708956,Sertão Alagoano,Santana do Ipanema
2709103,Agreste Alagoano,Arapiraca
2709152,Leste Alagoano,São Miguel dos Campos
2709202,Agreste Alagoano,Traipu
2709301,Leste Alagoano,Serrana dos Quilombos
2709400,Leste Alagoano,Serrana dos Quilombos
1300029,Centro Amazonense,Tefé
1300060,Sudoeste Amazonense,Alto Solimões
1300086,Centro Amazonense,Coari
1300102,Centro Amazonense,Coari
1300144,Sul Amazonense,Madeira
1300201,Sudoeste Amazonense,Alto Solimões
1300300,Centro Amazonense,Manaus
1300409,Norte Amazonense,Rio Negro
1300508,Centro Amazonense,Parintins
1300607,Sudoeste Amazonense,Alto Solimões
1300631,Centro Amazonense,Coari
1300680,Centro Amazonense,Parintins
1300706,Sul Amazonense,Boca do Acre
1300805,Sul Amazonense,Madeira
1300839,Centro Amazonense,Coari
1300904,Sul Amazonense,Purus
1301001,Sudoeste Amazonense,Juruá
1301100,Centro Amazonense,Manaus
1301159,Centro Amazonense,Manaus
1301209,Centro Amazonense,Coari
1301308,Centro Amazonense,Coari
1301407,Sudoeste Amazonense,Juruá
1301506,Sudoeste Amazonense,Juruá
1301605,Sudoeste Amazonense,Alto Solimões
1301654,Sudoeste Amazonense,Juruá
1301704,Sul Amazonense,Madeira
1301803,Sudoeste Amazonense,Juruá
1301852,Centro Amazonense,Manaus
1301902,Centro Amazonense,Itacoatiara
1301951,Sudoeste Amazonense,Juruá
1302009,Centro Amazonense,Itacoatiara
1302108,Norte Amazonense,Japurá
1302207,Sudoeste Amazonense,Juruá
1302306,Sudoeste Amazonense,Alto Solimões
1302405,Sul Amazonense,Purus
1302504,Centro Amazonense,Manaus
1302553,Centro Amazonense,Manaus
1302603,Centro Amazonense,Manaus
1302702,Sul Amazonense,Madeira
1302801,Norte Amazonense,Japurá
1302900,Centro Amazonense,Parintins
1303007,Centro Amazonense,Parintins
1303106,Centro Amazonense,Itacoatiara
1303205,Norte Amazonense,Rio Negro
1303304,Sul Amazonense,Madeira
1303403,Centro Amazonense,Parintins
1303502,Sul Amazonense,Boca do Acre
1303536,Centro Amazonense,Rio Preto da Eva
1303569,Centro Amazonense,Rio Preto da Eva
1303601,Norte Amazonense,Rio Negro
1303700,Sudoeste Amazonense,Alto Solimões
1303809,Norte Amazonense,Rio Negro
1303908,Sudoeste Amazonense,Alto Solimões
1303957,Centro Amazonense,Parintins
1304005,Centro Amazonense,Itacoatiara
1304062,Sudoeste Amazonense,Alto Solimões
1304104,Sul Amazonense,Purus
1304203,Centro Amazonense,Tefé
1304237,Sudoeste Amazonense,Alto Solimões
1304260,Centro Amazonense,Tefé
1304302,Centro Amazonense,Parintins
1304401,Centro Amazonense,Itacoatiara
1600105,Norte do Amapá,Amapá
1600204,Norte do Amapá,Oiapoque
1600212,Sul do Amapá,Macapá
1600238,Sul do Amapá,Macapá
1600253,Sul do Amapá,Macapá
1600279,Sul do Amapá,Mazagão
1600303,Sul do Amapá,Macapá
1600402,Sul do Amapá,Mazagão
1600501,Norte do Amapá,Oiapoque
1600154,Sul do Amapá,Macapá
1600535,Sul do Amapá,Macapá
1600550,Norte do Amapá,Amapá
1600600,Sul do Amapá,Macapá
1600055,Sul do Amapá,Macapá
1600709,Norte do Amapá,Amapá
1600808,Sul do Amapá,Mazagão
2900108,Centro Sul Baiano,Seabra
2900207,Vale São-Franciscano da Bahia,Paulo Afonso
2900306,Nordeste Baiano,Alagoinhas
2900355,Nordeste Baiano,Ribeira do Pombal
2900405,Centro Norte Baiano,Feira de Santana
2900603,Centro Sul Baiano,Jequié
2900702,Nordeste Baiano,Alagoinhas
2900801,Sul Baiano,Porto Seguro
2900900,Sul Baiano,Ilhéus-Itabuna
2901007,Centro Sul Baiano,Jequié
2901106,Metropolitana de Salvador,Catu
2901155,Centro Norte Baiano,Irecê
2901205,Centro Sul Baiano,Vitória da Conquista
2901304,Centro Sul Baiano,Seabra
2901353,Centro Norte Baiano,Senhor do Bonfim
2901403,Extremo Oeste Baiano,Cotegipe
2901502,Centro Norte Baiano,Feira de Santana
2901601,Nordeste Baiano,Ribeira do Pombal
2901700,Centro Norte Baiano,Feira de Santana
2901809,Centro Norte Baiano,Senhor do Bonfim
2901908,Nordeste Baiano,Alagoinhas
2901957,Centro Sul Baiano,Jequié
2902054,Nordeste Baiano,Alagoinhas
2902005,Centro Sul Baiano,Brumado
2902104,Nordeste Baiano,Serrinha
2902203,Nordeste Baiano,Alagoinhas
2902252,Sul Baiano,Ilhéus-Itabuna
2902302,Metropolitana de Salvador,Santo Antônio de Jesus
2902401,Sul Baiano,Ilhéus-Itabuna
2902500,Extremo Oeste Baiano,Barreiras
2902609,Centro Norte Baiano,Itaberaba
2902658,Nordeste Baiano,Ribeira do Pombal
2902708,Vale São-Franciscano da Bahia,Barra
2902807,Centro Sul Baiano,Seabra
2902906,Centro Sul Baiano,Vitória da Conquista
2903003,Centro Norte Baiano,Irecê
2903102,Sul Baiano,Ilhéus-Itabuna
2903201,Extremo Oeste Baiano,Barreiras
2903235,Centro Norte Baiano,Irecê
2903300,Sul Baiano,Ilhéus-Itabuna
2903276,Nordeste Baiano,Serrinha
2903409,Sul Baiano,Ilhéus-Itabuna
2903508,Centro Sul Baiano,Vitória da Conquista
2903607,Nordeste Baiano,Serrinha
2903706,Centro Sul Baiano,Vitória da Conquista
2903805,Centro Norte Baiano,Itaberaba
2903904,Vale São-Franciscano da Bahia,Bom Jesus da Lapa
2903953,Centro Sul Baiano,Vitória da Conquista
2904001,Centro Sul Baiano,Seabra
2904050,Centro Sul Baiano,Seabra
2904100,Centro Sul Baiano,Boquira
2904209,Centro Sul Baiano,Boquira
2904308,Centro Sul Baiano,Jequié
2904407,Extremo Oeste Baiano,Cotegipe
2904506,Centro Sul Baiano,Boquira
2904605,Centro Sul Baiano,Brumado
2904704,Sul Baiano,Ilhéus-Itabuna
2904753,Vale São-Franciscano da Bahia,Barra
2904803,Centro Sul Baiano,Vitória da Conquista
2904852,Metropolitana de Salvador,Santo Antônio de Jesus
2904902,Metropolitana de Salvador,Santo Antônio de Jesus
2905008,Centro Sul Baiano,Guanambi
2905107,Centro Norte Baiano,Jacobina
2905156,Centro Sul Baiano,Vitória da Conquista
2905206,Centro Sul Baiano,Guanambi
2905305,Centro Norte Baiano,Irecê
2905404,Sul Baiano,Valença
2905503,Centro Norte Baiano,Jacobina
2905602,Sul Baiano,Ilhéus-Itabuna
2905701,Metropolitana de Salvador,Salvador
2905800,Sul Baiano,Valença
2905909,Vale São-Franciscano da Bahia,Juazeiro
2906006,Centro Norte Baiano,Senhor do Bonfim
2913705,Nordeste Baiano,Alagoinhas
2913804,Centro Norte Baiano,Feira de Santana
2913903,Sul Baiano,Ilhéus-Itabuna
2914000,Centro Norte Baiano,Feira de Santana
2914109,Centro Sul Baiano,Boquira
2914208,Centro Sul Baiano,Jequié
2914307,Centro Sul Baiano,Jequié
2914406,Centro Norte Baiano,Irecê
2914505,Centro Norte Baiano,Feira de Santana
2914604,Centro Norte Baiano,Irecê
2914653,Sul Baiano,Porto Seguro
2914703,Centro Norte Baiano,Itaberaba
2914802,Sul Baiano,Ilhéus-Itabuna
2914901,Sul Baiano,Ilhéus-Itabuna
2915007,Centro Sul Baiano,Seabra
2915106,Centro Sul Baiano,Jequié
2915205,Sul Baiano,Ilhéus-Itabuna
2915304,Sul Baiano,Porto Seguro
2915353,Vale São-Franciscano da Bahia,Barra
2915403,Sul Baiano,Ilhéus-Itabuna
2915502,Sul Baiano,Ilhéus-Itabuna
2915601,Sul Baiano,Porto Seguro
2915700,Sul Baiano,Ilhéus-Itabuna
2915809,Centro Sul Baiano,Itapetinga
2915908,Metropolitana de Salvador,Catu
2916005,Sul Baiano,Porto Seguro
2916104,Metropolitana de Salvador,Salvador
2916203,Sul Baiano,Ilhéus-Itabuna
2916302,Sul Baiano,Ilhéus-Itabuna
2916401,Centro Sul Baiano,Itapetinga
2916500,Nordeste Baiano,Ribeira do Pombal
2916609,Sul Baiano,Ilhéus-Itabuna
2916708,Centro Sul Baiano,Jequié
2916807,Centro Sul Baiano,Itapetinga
2916856,Centro Norte Baiano,Feira de Santana
2916906,Centro Sul Baiano,Jequié
2917003,Centro Norte Baiano,Senhor do Bonfim
2917102,Centro Sul Baiano,Itapetinga
2917201,Centro Sul Baiano,Brumado
2917300,Sul Baiano,Valença
2917334,Centro Sul Baiano,Guanambi
2917359,Extremo Oeste Baiano,Santa Maria da Vitória
2917409,Centro Sul Baiano,Guanambi
2917508,Centro Norte Baiano,Jacobina
2917607,Centro Sul Baiano,Jequié
2917706,Centro Norte Baiano,Senhor do Bonfim
2917805,Metropolitana de Salvador,Santo Antônio de Jesus
2917904,Nordeste Baiano,Entre Rios
2918001,Centro Sul Baiano,Jequié
2918100,Nordeste Baiano,Jeremoabo
2918209,Centro Sul Baiano,Jequié
2918308,Centro Sul Baiano,Jequié
2918357,Centro Norte Baiano,Irecê
2918407,Vale São-Franciscano da Bahia,Juazeiro
2918456,Sul Baiano,Porto Seguro
2918506,Centro Norte Baiano,Irecê
2918555,Sul Baiano,Ilhéus-Itabuna
2918605,Centro Sul Baiano,Seabra
2918704,Centro Sul Baiano,Jequié
2918753,Centro Sul Baiano,Guanambi
2918803,Centro Sul Baiano,Jequié
2918902,Sul Baiano,Porto Seguro
2919009,Centro Norte Baiano,Itaberaba
2919058,Centro Sul Baiano,Jequié
2919108,Nordeste Baiano,Serrinha
2919157,Centro Norte Baiano,Irecê
2919207,Metropolitana de Salvador,Salvador
2919306,Centro Sul Baiano,Seabra
2919405,Centro Sul Baiano,Guanambi
2919504,Centro Sul Baiano,Livramento do Brumado
2919553,Extremo Oeste Baiano,Barreiras
2919603,Centro Norte Baiano,Itaberaba
2919702,Centro Sul Baiano,Itapetinga
2919801,Centro Sul Baiano,Boquira
2919900,Vale São-Franciscano da Bahia,Paulo Afonso
2919926,Metropolitana de Salvador,Salvador
2919959,Centro Sul Baiano,Brumado
2920007,Centro Sul Baiano,Itapetinga
2920106,Centro Norte Baiano,Itaberaba
2920205,Centro Sul Baiano,Guanambi
2920304,Centro Sul Baiano,Brumado
2920403,Centro Sul Baiano,Vitória da Conquista
2920452,Extremo Oeste Baiano,Cotegipe
2920502,Centro Sul Baiano,Jequié
2920601,Metropolitana de Salvador,Santo Antônio de Jesus
2920700,Sul Baiano,Valença
2920809,Centro Sul Baiano,Jequié
2920908,Sul Baiano,Ilhéus-Itabuna
2921005,Metropolitana de Salvador,Catu
2921054,Centro Sul Baiano,Guanambi
2921104,Sul Baiano,Porto Seguro
2921203,Centro Norte Baiano,Jacobina
2921302,Centro Sul Baiano,Jequié
2921401,Centro Norte Baiano,Jacobina
2921450,Centro Sul Baiano,Vitória da Conquista
2907707,Vale São-Franciscano da Bahia,Paulo Afonso
2907806,Nordeste Baiano,Ribeira do Pombal
2907905,Nordeste Baiano,Ribeira do Pombal
2908002,Sul Baiano,Ilhéus-Itabuna
2908101,Extremo Oeste Baiano,Santa Maria da Vitória
2908200,Centro Norte Baiano,Feira de Santana
2908309,Metropolitana de Salvador,Santo Antônio de Jesus
2908408,Nordeste Baiano,Serrinha
2908507,Centro Norte Baiano,Feira de Santana
2908606,Nordeste Baiano,Entre Rios
2908705,Centro Sul Baiano,Brumado
2908804,Centro Sul Baiano,Seabra
2908903,Centro Norte Baiano,Feira de Santana
2909000,Centro Sul Baiano,Brumado
2909109,Extremo Oeste Baiano,Santa Maria da Vitória
2909208,Nordeste Baiano,Jeremoabo
2909307,Extremo Oeste Baiano,Santa Maria da Vitória
2909406,Extremo Oeste Baiano,Cotegipe
2909505,Centro Sul Baiano,Jequié
2909604,Nordeste Baiano,Alagoinhas
2909703,Extremo Oeste Baiano,Cotegipe
2909802,Metropolitana de Salvador,Santo Antônio de Jesus
2909901,Vale São-Franciscano da Bahia,Juazeiro
2910008,Centro Sul Baiano,Vitória da Conquista
2910107,Centro Sul Baiano,Livramento do Brumado
2910206,Metropolitana de Salvador,Santo Antônio de Jesus
2910305,Centro Norte Baiano,Feira de Santana
2910404,Centro Sul Baiano,Itapetinga
2910503,Nordeste Baiano,Entre Rios
2900504,Centro Sul Baiano,Livramento do Brumado
2910602,Nordeste Baiano,Entre Rios
2910701,Nordeste Baiano,Euclides da Cunha
2910727,Sul Baiano,Porto Seguro
2910750,Nordeste Baiano,Ribeira do Pombal
2910776,Vale São-Franciscano da Bahia,Bom Jesus da Lapa
2910800,Centro Norte Baiano,Feira de Santana
2910859,Centro Norte Baiano,Senhor do Bonfim
2910909,Sul Baiano,Ilhéus-Itabuna
2911006,Sul Baiano,Ilhéus-Itabuna
2911105,Extremo Oeste Baiano,Barreiras
2911204,Sul Baiano,Ilhéus-Itabuna
2911253,Nordeste Baiano,Serrinha
2911303,Centro Norte Baiano,Irecê
2911402,Vale São-Franciscano da Bahia,Paulo Afonso
2911501,Sul Baiano,Ilhéus-Itabuna
2911600,Metropolitana de Salvador,Santo Antônio de Jesus
2911659,Centro Sul Baiano,Brumado
2911709,Centro Sul Baiano,Guanambi
2911808,Sul Baiano,Porto Seguro
2911857,Nordeste Baiano,Ribeira do Pombal
2911907,Centro Norte Baiano,Itaberaba
2912004,Centro Sul Baiano,Guanambi
2912103,Sul Baiano,Ilhéus-Itabuna
2912202,Centro Sul Baiano,Seabra
2912301,Centro Sul Baiano,Vitória da Conquista
2912400,Centro Norte Baiano,Irecê
2912509,Centro Sul Baiano,Boquira
2912608,Centro Norte Baiano,Itaberaba
2912707,Sul Baiano,Ilhéus-Itabuna
2912806,Sul Baiano,Porto Seguro
2912905,Sul Baiano,Ilhéus-Itabuna
2913002,Centro Sul Baiano,Boquira
2913101,Centro Norte Baiano,Irecê
2913200,Vale São-Franciscano da Bahia,Barra
2913309,Nordeste Baiano,Serrinha
2913408,Centro Sul Baiano,Guanambi
2913457,Sul Baiano,Valença
2913507,Centro Sul Baiano,Vitória da Conquista
2913606,Sul Baiano,Ilhéus-Itabuna
2933257,Sul Baiano,Porto Seguro
2933307,Centro Sul Baiano,Vitória da Conquista
2933406,Centro Sul Baiano,Seabra
2933455,Extremo Oeste Baiano,Cotegipe
2933505,Sul Baiano,Ilhéus-Itabuna
2933604,Vale São-Franciscano da Bahia,Barra
2300101,Sul Cearense,Brejo Santo
2300150,Norte Cearense,Baturité
2300200,Noroeste Cearense,Litoral de Camocim e Acaraú
2300309,Sertões Cearenses,Sertão de Senador Pompeu
2300408,Sertões Cearenses,Sertão de Inhamuns
2300507,Noroeste Cearense,Meruoca
2300606,Sul Cearense,Caririaçu
2300705,Jaguaribe,Baixo Jaguaribe
2300754,Norte Cearense,Itapipoca
2300804,Centro-Sul Cearense,Várzea Alegre
2300903,Norte Cearense,Médio Curu
2301000,Metropolitana de Fortaleza,Fortaleza
2301109,Jaguaribe,Litoral de Aracati
2301208,Norte Cearense,Baturité
2301257,Sertões Cearenses,Sertão de Cratéus
2921500,Nordeste Baiano,Euclides da Cunha
2921609,Vale São-Franciscano da Bahia,Barra
2921708,Centro Norte Baiano,Jacobina
2921807,Centro Sul Baiano,Guanambi
2921906,Centro Sul Baiano,Seabra
2922003,Sul Baiano,Porto Seguro
2922052,Centro Norte Baiano,Irecê
2922102,Centro Norte Baiano,Itaberaba
2922201,Metropolitana de Salvador,Santo Antônio de Jesus
2922250,Vale São-Franciscano da Bahia,Barra
2922300,Metropolitana de Salvador,Santo Antônio de Jesus
2922409,Centro Sul Baiano,Jequié
2922508,Metropolitana de Salvador,Santo Antônio de Jesus
2922607,Sul Baiano,Valença
2922656,Nordeste Baiano,Euclides da Cunha
2922706,Centro Sul Baiano,Vitória da Conquista
2922730,Nordeste Baiano,Serrinha
2922755,Sul Baiano,Ilhéus-Itabuna
2922805,Centro Sul Baiano,Jequié
2922854,Centro Sul Baiano,Seabra
2922904,Nordeste Baiano,Ribeira do Pombal
2923001,Sul Baiano,Porto Seguro
2923035,Centro Sul Baiano,Boquira
2923050,Nordeste Baiano,Ribeira do Pombal
2923100,Nordeste Baiano,Ribeira do Pombal
2923209,Centro Sul Baiano,Boquira
2923308,Centro Norte Baiano,Feira de Santana
2923357,Centro Norte Baiano,Jacobina
2923407,Centro Sul Baiano,Guanambi
2923506,Centro Sul Baiano,Seabra
2923605,Centro Sul Baiano,Livramento do Brumado
2923704,Vale São-Franciscano da Bahia,Bom Jesus da Lapa
2923803,Nordeste Baiano,Ribeira do Pombal
2923902,Sul Baiano,Ilhéus-Itabuna
2924009,Vale São-Franciscano da Bahia,Paulo Afonso
2924058,Nordeste Baiano,Serrinha
2924108,Centro Norte Baiano,Feira de Santana
2924207,Nordeste Baiano,Jeremoabo
2924306,Centro Sul Baiano,Seabra
2924405,Vale São-Franciscano da Bahia,Juazeiro
2924504,Centro Sul Baiano,Guanambi
2924603,Centro Norte Baiano,Senhor do Bonfim
2924652,Centro Norte Baiano,Feira de Santana
2924678,Sul Baiano,Valença
2924702,Centro Sul Baiano,Brumado
2924801,Centro Norte Baiano,Jacobina
2924900,Centro Sul Baiano,Jequié
2925006,Centro Sul Baiano,Vitória da Conquista
2925105,Centro Sul Baiano,Vitória da Conquista
2925204,Metropolitana de Salvador,Catu
2925253,Centro Norte Baiano,Jacobina
2925303,Sul Baiano,Porto Seguro
2925402,Centro Sul Baiano,Itapetinga
2925501,Sul Baiano,Porto Seguro
2925600,Centro Norte Baiano,Irecê
2925709,Centro Sul Baiano,Brumado
2925758,Sul Baiano,Valença
2925808,Nordeste Baiano,Euclides da Cunha
2925907,Nordeste Baiano,Euclides da Cunha
2925931,Centro Norte Baiano,Jacobina
2925956,Centro Norte Baiano,Feira de Santana
2926004,Vale São-Franciscano da Bahia,Juazeiro
2926103,Nordeste Baiano,Serrinha
2926202,Extremo Oeste Baiano,Barreiras
2926301,Nordeste Baiano,Serrinha
2926400,Centro Sul Baiano,Guanambi
2926509,Nordeste Baiano,Ribeira do Pombal
2926608,Nordeste Baiano,Ribeira do Pombal
2926657,Centro Sul Baiano,Itapetinga
2926707,Centro Sul Baiano,Seabra
2926806,Centro Sul Baiano,Brumado
2926905,Centro Sul Baiano,Livramento do Brumado
2927002,Nordeste Baiano,Alagoinhas
2927101,Vale São-Franciscano da Bahia,Paulo Afonso
2927200,Centro Norte Baiano,Itaberaba
2927309,Metropolitana de Salvador,Santo Antônio de Jesus
2927408,Metropolitana de Salvador,Salvador
2927507,Centro Norte Baiano,Feira de Santana
2927606,Nordeste Baiano,Jeremoabo
2927705,Sul Baiano,Porto Seguro
2927804,Sul Baiano,Ilhéus-Itabuna
2927903,Centro Sul Baiano,Jequié
2928059,Sul Baiano,Ilhéus-Itabuna
2928109,Extremo Oeste Baiano,Santa Maria da Vitória
2928406,Extremo Oeste Baiano,Cotegipe
2928505,Centro Norte Baiano,Feira de Santana
2928000,Nordeste Baiano,Serrinha
2928208,Extremo Oeste Baiano,Santa Maria da Vitória
2928307,Centro Norte Baiano,Feira de Santana
2928604,Metropolitana de Salvador,Santo Antônio de Jesus
2928703,Metropolitana de Salvador,Santo Antônio de Jesus
2928802,Centro Norte Baiano,Feira de Santana
2928901,Extremo Oeste Baiano,Barreiras
2928950,Nordeste Baiano,Serrinha
2929107,Metropolitana de Salvador,Santo Antônio de Jesus
2929008,Metropolitana de Salvador,Santo Antônio de Jesus
2929057,Extremo Oeste Baiano,Santa Maria da Vitória
2929206,Metropolitana de Salvador,Salvador
2929255,Centro Norte Baiano,Irecê
2929305,Centro Norte Baiano,Feira de Santana
2929354,Sul Baiano,Ilhéus-Itabuna
2929370,Centro Norte Baiano,Jacobina
2929404,Centro Sul Baiano,Jequié
2929503,Metropolitana de Salvador,Catu
2929602,Metropolitana de Salvador,Santo Antônio de Jesus
2929701,Nordeste Baiano,Alagoinhas
2929750,Metropolitana de Salvador,Santo Antônio de Jesus
2929800,Centro Norte Baiano,Jacobina
2929909,Centro Sul Baiano,Seabra
2930006,Centro Sul Baiano,Guanambi
2930105,Centro Norte Baiano,Senhor do Bonfim
2930204,Vale São-Franciscano da Bahia,Juazeiro
2930154,Vale São-Franciscano da Bahia,Bom Jesus da Lapa
2930303,Extremo Oeste Baiano,Santa Maria da Vitória
2930402,Centro Norte Baiano,Feira de Santana
2930501,Nordeste Baiano,Serrinha
2930600,Centro Norte Baiano,Jacobina
2930709,Metropolitana de Salvador,Salvador
2930758,Vale São-Franciscano da Bahia,Bom Jesus da Lapa
2930766,Nordeste Baiano,Jeremoabo
2930774,Vale São-Franciscano da Bahia,Juazeiro
2930808,Centro Norte Baiano,Irecê
2930907,Extremo Oeste Baiano,Cotegipe
2931004,Centro Sul Baiano,Brumado
2931053,Centro Sul Baiano,Boquira
2931103,Centro Norte Baiano,Feira de Santana
2931202,Sul Baiano,Valença
2931301,Centro Norte Baiano,Itaberaba
2931350,Sul Baiano,Porto Seguro
2931400,Centro Norte Baiano,Feira de Santana
2931509,Nordeste Baiano,Serrinha
2931608,Sul Baiano,Ilhéus-Itabuna
2931707,Metropolitana de Salvador,Catu
2931806,Centro Sul Baiano,Brumado
2931905,Nordeste Baiano,Euclides da Cunha
2932002,Nordeste Baiano,Euclides da Cunha
2932101,Centro Sul Baiano,Jequié
2932200,Sul Baiano,Ilhéus-Itabuna
2932309,Sul Baiano,Ilhéus-Itabuna
2932408,Centro Norte Baiano,Irecê
2932457,Centro Norte Baiano,Senhor do Bonfim
2932507,Sul Baiano,Ilhéus-Itabuna
2932606,Centro Sul Baiano,Guanambi
2932705,Sul Baiano,Ilhéus-Itabuna
2932804,Centro Sul Baiano,Seabra
2932903,Sul Baiano,Valença
2933000,Nordeste Baiano,Serrinha
2933059,Centro Norte Baiano,Itaberaba
2933109,Centro Norte Baiano,Jacobina
2933158,Centro Norte Baiano,Jacobina
2933174,Metropolitana de Salvador,Santo Antônio de Jesus
2933208,Metropolitana de Salvador,Salvador
2306207,Jaguaribe,Litoral de Aracati
2306256,Metropolitana de Fortaleza,Fortaleza
2306405,Norte Cearense,Itapipoca
2306504,Norte Cearense,Baturité
2306553,Noroeste Cearense,Litoral de Camocim e Acaraú
2306603,Norte Cearense,Canindé
2306702,Jaguaribe,Médio Jaguaribe
2306801,Jaguaribe,Médio Jaguaribe
2306900,Jaguaribe,Médio Jaguaribe
2307007,Jaguaribe,Baixo Jaguaribe
2307106,Sul Cearense,Cariri
2307205,Sul Cearense,Brejo Santo
2307254,Noroeste Cearense,Litoral de Camocim e Acaraú
2307304,Sul Cearense,Cariri
2307403,Centro-Sul Cearense,Várzea Alegre
2307502,Centro-Sul Cearense,Lavras da Mangabeira
2307601,Jaguaribe,Baixo Jaguaribe
2307635,Sertões Cearenses,Sertão de Quixeramobim
2307650,Metropolitana de Fortaleza,Fortaleza
2307700,Metropolitana de Fortaleza,Fortaleza
2307809,Noroeste Cearense,Litoral de Camocim e Acaraú
2307908,Noroeste Cearense,Litoral de Camocim e Acaraú
2308005,Noroeste Cearense,Sobral
2308104,Sul Cearense,Barro
2308203,Noroeste Cearense,Meruoca
2308302,Sul Cearense,Brejo Santo
2308351,Sertões Cearenses,Sertão de Senador Pompeu
2308377,Noroeste Cearense,Sobral
2308401,Sul Cearense,Cariri
2308500,Sertões Cearenses,Sertão de Senador Pompeu
2308609,Sertões Cearenses,Sertão de Cratéus
2308708,Jaguaribe,Baixo Jaguaribe
2308807,Noroeste Cearense,Coreaú
2308906,Noroeste Cearense,Litoral de Camocim e Acaraú
2309003,Noroeste Cearense,Sobral
2309102,Norte Cearense,Baturité
2309201,Sul Cearense,Cariri
2309300,Sertões Cearenses,Sertão de Cratéus
2309409,Sertões Cearenses,Sertão de Cratéus
2309458,Norte Cearense,Chorozinho
2309508,Centro-Sul Cearense,Iguatu
2309607,Metropolitana de Fortaleza,Pacajus
2309706,Metropolitana de Fortaleza,Fortaleza
2309805,Norte Cearense,Baturité
2309904,Noroeste Cearense,Sobral
2310001,Jaguaribe,Baixo Jaguaribe
2310100,Norte Cearense,Baturité
2310209,Norte Cearense,Baixo Curu
2310258,Norte Cearense,Baixo Curu
2310308,Sertões Cearenses,Sertão de Inhamuns
2310407,Norte Cearense,Canindé
2310506,Sertões Cearenses,Sertão de Senador Pompeu
2310605,Sul Cearense,Brejo Santo
2310704,Norte Cearense,Médio Curu
2310803,Jaguaribe,Serra do Pereiro
2310852,Norte Cearense,Cascavel
2310902,Sertões Cearenses,Sertão de Senador Pompeu
2310951,Noroeste Cearense,Ipu
2311009,Noroeste Cearense,Ipu
2311108,Sul Cearense,Cariri
2311207,Sul Cearense,Chapada do Araripe
2311231,Jaguaribe,Serra do Pereiro
2311264,Sertões Cearenses,Sertão de Cratéus
2311306,Sertões Cearenses,Sertão de Quixeramobim
2311355,Centro-Sul Cearense,Iguatu
2311405,Sertões Cearenses,Sertão de Quixeramobim
2311504,Jaguaribe,Baixo Jaguaribe
2311603,Norte Cearense,Baturité
2311702,Noroeste Cearense,Ipu
2311801,Jaguaribe,Baixo Jaguaribe
2311900,Sertões Cearenses,Sertão de Inhamuns
2311959,Sul Cearense,Chapada do Araripe
2312205,Noroeste Cearense,Santa Quitéria
2312007,Noroeste Cearense,Sobral
2312106,Sul Cearense,Cariri
2312304,Noroeste Cearense,Ibiapaba
2312403,Norte Cearense,Baixo Curu
2312502,Jaguaribe,Baixo Jaguaribe
2312601,Norte Cearense,Médio Curu
2312700,Sertões Cearenses,Sertão de Senador Pompeu
2312809,Noroeste Cearense,Sobral
2312908,Noroeste Cearense,Sobral
2313005,Sertões Cearenses,Sertão de Senador Pompeu
2313104,Jaguaribe,Baixo Jaguaribe
2313203,Sertões Cearenses,Sertão de Cratéus
2313252,Centro-Sul Cearense,Várzea Alegre
2313302,Sertões Cearenses,Sertão de Inhamuns
2313351,Norte Cearense,Médio Curu
2313401,Noroeste Cearense,Ibiapaba
2313500,Norte Cearense,Itapipoca
2313559,Norte Cearense,Uruburetama
2301307,Sul Cearense,Chapada do Araripe
2301406,Norte Cearense,Baturité
2301505,Sertões Cearenses,Sertão de Inhamuns
2301604,Sul Cearense,Chapada do Araripe
2301703,Sul Cearense,Barro
2301802,Centro-Sul Cearense,Lavras da Mangabeira
2301851,Sertões Cearenses,Sertão de Quixeramobim
2301901,Sul Cearense,Cariri
2301950,Norte Cearense,Chorozinho
2302008,Sul Cearense,Barro
2302057,Noroeste Cearense,Litoral de Camocim e Acaraú
2302107,Norte Cearense,Baturité
2302206,Norte Cearense,Cascavel
2302305,Noroeste Cearense,Litoral de Camocim e Acaraú
2302404,Sertões Cearenses,Sertão de Quixeramobim
2302503,Sul Cearense,Brejo Santo
2302602,Noroeste Cearense,Litoral de Camocim e Acaraú
2302701,Sul Cearense,Chapada do Araripe
2302800,Norte Cearense,Canindé
2302909,Norte Cearense,Baturité
2303006,Norte Cearense,Canindé
2303105,Noroeste Cearense,Sobral
2303204,Sul Cearense,Caririaçu
2303303,Centro-Sul Cearense,Várzea Alegre
2303402,Noroeste Cearense,Ibiapaba
2303501,Norte Cearense,Cascavel
2303600,Sertões Cearenses,Sertão de Inhamuns
2303659,Noroeste Cearense,Santa Quitéria
2303709,Metropolitana de Fortaleza,Fortaleza
2303808,Centro-Sul Cearense,Iguatu
2303907,Noroeste Cearense,Litoral de Camocim e Acaraú
2303931,Sertões Cearenses,Sertão de Quixeramobim
2303956,Norte Cearense,Chorozinho
2304004,Noroeste Cearense,Coreaú
2304103,Sertões Cearenses,Sertão de Cratéus
2304202,Sul Cearense,Cariri
2304236,Noroeste Cearense,Ibiapaba
2304251,Noroeste Cearense,Litoral de Camocim e Acaraú
2304269,Sertões Cearenses,Sertão de Senador Pompeu
2304277,Jaguaribe,Serra do Pereiro
2304285,Metropolitana de Fortaleza,Fortaleza
2304301,Sul Cearense,Caririaçu
2304350,Noroeste Cearense,Sobral
2304400,Metropolitana de Fortaleza,Fortaleza
2304459,Jaguaribe,Litoral de Aracati
2304509,Noroeste Cearense,Coreaú
2304608,Norte Cearense,Médio Curu
2304657,Noroeste Cearense,Sobral
2304707,Noroeste Cearense,Litoral de Camocim e Acaraú
2304806,Sul Cearense,Caririaçu
2304905,Noroeste Cearense,Sobral
2304954,Metropolitana de Fortaleza,Fortaleza
2305001,Noroeste Cearense,Ibiapaba
2305100,Norte Cearense,Baturité
2305209,Noroeste Cearense,Santa Quitéria
2305233,Metropolitana de Fortaleza,Pacajus
2305266,Sertões Cearenses,Sertão de Quixeramobim
2305308,Noroeste Cearense,Ibiapaba
2305332,Jaguaribe,Baixo Jaguaribe
2305357,Jaguaribe,Litoral de Aracati
2305407,Centro-Sul Cearense,Iguatu
2305506,Centro-Sul Cearense,Iguatu
2305605,Sertões Cearenses,Sertão de Cratéus
2305654,Sertões Cearenses,Sertão de Cratéus
2305704,Centro-Sul Cearense,Lavras da Mangabeira
2305803,Noroeste Cearense,Ipu
2305902,Noroeste Cearense,Ipu
2306009,Jaguaribe,Serra do Pereiro
2306108,Noroeste Cearense,Sobral
5205109,Sul Goiano,Catalão
5205208,Centro Goiano,Anápolis
5205307,Norte Goiano,Chapada dos Veadeiros
5205406,Centro Goiano,Ceres
5205455,Sul Goiano,Vale do Rio dos Bois
5205471,Sul Goiano,Sudoeste de Goiás
5205497,Leste Goiano,Entorno de Brasília
5205513,Leste Goiano,Entorno de Brasília
5205521,Norte Goiano,Chapada dos Veadeiros
5205703,Centro Goiano,Iporá
5205802,Leste Goiano,Entorno de Brasília
5205901,Sul Goiano,Catalão
5206206,Leste Goiano,Entorno de Brasília
5206305,Sul Goiano,Pires do Rio
5206404,Noroeste Goiano,São Miguel do Araguaia
5206503,Sul Goiano,Meia Ponte
5206602,Sul Goiano,Catalão
5206701,Leste Goiano,Vão do Paraná
5206800,Centro Goiano,Anápolis
5206909,Sul Goiano,Catalão
5207105,Noroeste Goiano,Aragarças
5208301,Leste Goiano,Vão do Paraná
5207253,Sul Goiano,Sudoeste de Goiás
2313609,Noroeste Cearense,Ibiapaba
2313708,Centro-Sul Cearense,Lavras da Mangabeira
2313757,Norte Cearense,Uruburetama
2313807,Norte Cearense,Uruburetama
2313906,Noroeste Cearense,Coreaú
2313955,Noroeste Cearense,Ipu
2314003,Centro-Sul Cearense,Várzea Alegre
2314102,Noroeste Cearense,Ibiapaba
5300108,Distrito Federal,Brasília
3200102,Central Espírito-Santense,Afonso Cláudio
3200169,Noroeste Espírito-Santense,Barra de São Francisco
3200136,Noroeste Espírito-Santense,Nova Venécia
3200201,Sul Espírito-Santense,Alegre
3200300,Central Espírito-Santense,Guarapari
3200359,Noroeste Espírito-Santense,Colatina
3200409,Central Espírito-Santense,Guarapari
3200508,Sul Espírito-Santense,Cachoeiro de Itapemirim
3200607,Litoral Norte Espírito-Santense,Linhares
3200706,Sul Espírito-Santense,Cachoeiro de Itapemirim
3200805,Noroeste Espírito-Santense,Colatina
3200904,Noroeste Espírito-Santense,Barra de São Francisco
3201001,Noroeste Espírito-Santense,Nova Venécia
3201100,Sul Espírito-Santense,Cachoeiro de Itapemirim
3201159,Central Espírito-Santense,Afonso Cláudio
3201209,Sul Espírito-Santense,Cachoeiro de Itapemirim
3201308,Central Espírito-Santense,Vitória
3201407,Sul Espírito-Santense,Cachoeiro de Itapemirim
3201506,Noroeste Espírito-Santense,Colatina
3201605,Litoral Norte Espírito-Santense,São Mateus
3201704,Central Espírito-Santense,Afonso Cláudio
3201803,Sul Espírito-Santense,Alegre
3201902,Central Espírito-Santense,Afonso Cláudio
3202009,Sul Espírito-Santense,Alegre
3202108,Noroeste Espírito-Santense,Barra de São Francisco
3202207,Litoral Norte Espírito-Santense,Linhares
3202256,Noroeste Espírito-Santense,Colatina
3202306,Sul Espírito-Santense,Alegre
3202405,Central Espírito-Santense,Guarapari
3202454,Sul Espírito-Santense,Alegre
3202504,Litoral Norte Espírito-Santense,Linhares
3202553,Sul Espírito-Santense,Alegre
3202603,Central Espírito-Santense,Guarapari
3202652,Sul Espírito-Santense,Alegre
3202702,Central Espírito-Santense,Santa Teresa
3202801,Sul Espírito-Santense,Itapemirim
3202900,Central Espírito-Santense,Santa Teresa
3203007,Sul Espírito-Santense,Alegre
3203056,Litoral Norte Espírito-Santense,São Mateus
3203106,Sul Espírito-Santense,Cachoeiro de Itapemirim
3203130,Litoral Norte Espírito-Santense,Linhares
3203163,Central Espírito-Santense,Afonso Cláudio
3203205,Litoral Norte Espírito-Santense,Linhares
3203304,Noroeste Espírito-Santense,Barra de São Francisco
3203320,Sul Espírito-Santense,Itapemirim
3203346,Central Espírito-Santense,Afonso Cláudio
3203353,Noroeste Espírito-Santense,Colatina
3203403,Sul Espírito-Santense,Cachoeiro de Itapemirim
3203502,Litoral Norte Espírito-Santense,Montanha
3203601,Litoral Norte Espírito-Santense,Montanha
3203700,Sul Espírito-Santense,Alegre
3203809,Sul Espírito-Santense,Cachoeiro de Itapemirim
3203908,Noroeste Espírito-Santense,Nova Venécia
3204005,Noroeste Espírito-Santense,Colatina
3204054,Litoral Norte Espírito-Santense,São Mateus
3204104,Litoral Norte Espírito-Santense,Montanha
3204203,Central Espírito-Santense,Guarapari
3204252,Litoral Norte Espírito-Santense,Montanha
3204302,Sul Espírito-Santense,Itapemirim
3204351,Litoral Norte Espírito-Santense,Linhares
3204401,Central Espírito-Santense,Guarapari
3204500,Central Espírito-Santense,Santa Teresa
3204559,Central Espírito-Santense,Santa Teresa
3204609,Central Espírito-Santense,Santa Teresa
3204658,Noroeste Espírito-Santense,Colatina
3204708,Noroeste Espírito-Santense,Nova Venécia
3204807,Sul Espírito-Santense,Cachoeiro de Itapemirim
3204906,Litoral Norte Espírito-Santense,São Mateus
3204955,Central Espírito-Santense,Santa Teresa
3205002,Central Espírito-Santense,Vitória
3205010,Litoral Norte Espírito-Santense,Linhares
3205036,Sul Espírito-Santense,Cachoeiro de Itapemirim
3205069,Central Espírito-Santense,Afonso Cláudio
3205101,Central Espírito-Santense,Vitória
3205150,Noroeste Espírito-Santense,Nova Venécia
3205176,Noroeste Espírito-Santense,Nova Venécia
3205200,Central Espírito-Santense,Vitória
3205309,Central Espírito-Santense,Vitória
5200050,Centro Goiano,Goiânia
5200100,Leste Goiano,Entorno de Brasília
5200134,Sul Goiano,Vale do Rio dos Bois
5200159,Centro Goiano,Anicuns
5200175,Leste Goiano,Entorno de Brasília
5200209,Sul Goiano,Meia Ponte
5200258,Leste Goiano,Entorno de Brasília
5200308,Leste Goiano,Entorno de Brasília
5200506,Sul Goiano,Meia Ponte
5200555,Norte Goiano,Porangatu
5200605,Norte Goiano,Chapada dos Veadeiros
5200803,Leste Goiano,Vão do Paraná
5200829,Norte Goiano,Porangatu
5200852,Centro Goiano,Anicuns
5200902,Centro Goiano,Iporá
5201108,Centro Goiano,Anápolis
5201306,Centro Goiano,Anicuns
5201405,Centro Goiano,Goiânia
5201454,Sul Goiano,Sudoeste de Goiás
5201504,Sul Goiano,Sudoeste de Goiás
5201603,Centro Goiano,Anápolis
5201702,Noroeste Goiano,Aragarças
5201801,Centro Goiano,Goiânia
5202155,Noroeste Goiano,Rio Vermelho
5202353,Noroeste Goiano,Aragarças
5202502,Noroeste Goiano,Rio Vermelho
5202601,Centro Goiano,Anicuns
5202809,Centro Goiano,Anicuns
5203104,Noroeste Goiano,Aragarças
5203203,Centro Goiano,Ceres
5203302,Centro Goiano,Goiânia
5203401,Noroeste Goiano,Aragarças
5203500,Sul Goiano,Meia Ponte
5203559,Centro Goiano,Goiânia
5203575,Norte Goiano,Porangatu
5203609,Centro Goiano,Anápolis
5203807,Noroeste Goiano,Rio Vermelho
5203906,Sul Goiano,Meia Ponte
5203939,Centro Goiano,Anicuns
5203962,Leste Goiano,Vão do Paraná
5204003,Leste Goiano,Entorno de Brasília
5204102,Sul Goiano,Quirinópolis
5204201,Centro Goiano,Iporá
5204250,Sul Goiano,Meia Ponte
5204300,Sul Goiano,Quirinópolis
5204409,Sul Goiano,Sudoeste de Goiás
5204508,Sul Goiano,Meia Ponte
5204557,Centro Goiano,Goiânia
5204607,Sul Goiano,Vale do Rio dos Bois
5204656,Norte Goiano,Porangatu
5204706,Norte Goiano,Porangatu
5204805,Sul Goiano,Catalão
5204854,Centro Goiano,Anápolis
5204904,Norte Goiano,Chapada dos Veadeiros
5204953,Norte Goiano,Porangatu
5205000,Centro Goiano,Ceres
5205059,Sul Goiano,Sudoeste de Goiás
5213806,Sul Goiano,Meia Ponte
5213855,Centro Goiano,Ceres
5213905,Centro Goiano,Anicuns
5214002,Noroeste Goiano,São Miguel do Araguaia
5214051,Noroeste Goiano,São Miguel do Araguaia
5214101,Norte Goiano,Porangatu
5214408,Centro Goiano,Anicuns
5214507,Centro Goiano,Goiânia
5214606,Norte Goiano,Porangatu
5214705,Centro Goiano,Ceres
5214804,Sul Goiano,Catalão
5214838,Noroeste Goiano,São Miguel do Araguaia
5214861,Centro Goiano,Ceres
5214879,Norte Goiano,Porangatu
5214903,Norte Goiano,Chapada dos Veadeiros
5215009,Centro Goiano,Anápolis
5215207,Centro Goiano,Iporá
5215231,Leste Goiano,Entorno de Brasília
5215256,Noroeste Goiano,São Miguel do Araguaia
5215306,Sul Goiano,Pires do Rio
5215405,Centro Goiano,Anápolis
5215504,Sul Goiano,Catalão
5219753,Leste Goiano,Entorno de Brasília
5219803,Leste Goiano,Vão do Paraná
5219902,Centro Goiano,Anápolis
5220058,Sul Goiano,Vale do Rio dos Bois
5220108,Centro Goiano,Anicuns
5220157,Centro Goiano,Ceres
5220207,Noroeste Goiano,São Miguel do Araguaia
5220264,Sul Goiano,Pires do Rio
5220280,Centro Goiano,Ceres
5220405,Sul Goiano,Quirinópolis
5220454,Centro Goiano,Goiânia
5220504,Sul Goiano,Sudoeste de Goiás
5220603,Sul Goiano,Pires do Rio
5220686,Leste Goiano,Vão do Paraná
5221007,Centro Goiano,Anápolis
5221080,Norte Goiano,Chapada dos Veadeiros
5221197,Centro Goiano,Goiânia
5221304,Sul Goiano,Catalão
5215603,Leste Goiano,Entorno de Brasília
5215652,Sul Goiano,Sudoeste de Goiás
5215702,Sul Goiano,Vale do Rio dos Bois
5215801,Sul Goiano,Pires do Rio
5215900,Sul Goiano,Vale do Rio dos Bois
5216007,Sul Goiano,Meia Ponte
5216304,Sul Goiano,Quirinópolis
5216403,Sul Goiano,Vale do Rio dos Bois
5216452,Sul Goiano,Sudoeste de Goiás
5216809,Centro Goiano,Anápolis
5216908,Centro Goiano,Ceres
5217104,Sul Goiano,Meia Ponte
5217203,Noroeste Goiano,Aragarças
5217302,Leste Goiano,Entorno de Brasília
5217401,Sul Goiano,Pires do Rio
5217609,Leste Goiano,Entorno de Brasília
5217708,Sul Goiano,Meia Ponte
5218003,Norte Goiano,Porangatu
5218052,Sul Goiano,Meia Ponte
5218102,Sul Goiano,Sudoeste de Goiás
5218300,Leste Goiano,Vão do Paraná
5218391,Sul Goiano,Meia Ponte
5218508,Sul Goiano,Quirinópolis
5218607,Centro Goiano,Ceres
5218706,Centro Goiano,Ceres
5218789,Sul Goiano,Meia Ponte
5218805,Sul Goiano,Sudoeste de Goiás
5218904,Centro Goiano,Ceres
5219001,Centro Goiano,Anicuns
5219100,Centro Goiano,Anicuns
5219209,Sul Goiano,Pires do Rio
5219258,Noroeste Goiano,Rio Vermelho
5219308,Sul Goiano,Sudoeste de Goiás
5219357,Centro Goiano,Ceres
5219407,Sul Goiano,Sudoeste de Goiás
5219456,Centro Goiano,Ceres
5219506,Centro Goiano,Anápolis
5219605,Norte Goiano,Porangatu
5219704,Norte Goiano,Porangatu
5219712,Sul Goiano,Sudoeste de Goiás
5219738,Centro Goiano,Goiânia
5207352,Sul Goiano,Vale do Rio dos Bois
5207402,Sul Goiano,Vale do Rio dos Bois
5207501,Norte Goiano,Porangatu
5207535,Noroeste Goiano,Rio Vermelho
5207600,Centro Goiano,Iporá
5207808,Centro Goiano,Anicuns
5207907,Leste Goiano,Vão do Paraná
5208004,Leste Goiano,Entorno de Brasília
5208103,Norte Goiano,Porangatu
5208152,Sul Goiano,Pires do Rio
5208400,Centro Goiano,Goiânia
5208509,Sul Goiano,Catalão
5208608,Centro Goiano,Ceres
5208707,Centro Goiano,Goiânia
5208806,Centro Goiano,Goiânia
5208905,Noroeste Goiano,Rio Vermelho
5209101,Sul Goiano,Meia Ponte
5209150,Sul Goiano,Quirinópolis
5209200,Centro Goiano,Goiânia
5209291,Centro Goiano,Ceres
5209408,Leste Goiano,Vão do Paraná
5209457,Centro Goiano,Ceres
5209606,Centro Goiano,Anápolis
5209705,Centro Goiano,Goiânia
5209804,Centro Goiano,Ceres
5209903,Leste Goiano,Vão do Paraná
5209937,Sul Goiano,Meia Ponte
5209952,Sul Goiano,Vale do Rio dos Bois
5210000,Centro Goiano,Anápolis
5210109,Sul Goiano,Catalão
5210158,Centro Goiano,Ceres
5210208,Centro Goiano,Iporá
5210307,Centro Goiano,Iporá
5210406,Centro Goiano,Anápolis
5210562,Centro Goiano,Anápolis
5210604,Centro Goiano,Anápolis
5210802,Sul Goiano,Quirinópolis
5210901,Centro Goiano,Ceres
5211008,Noroeste Goiano,Rio Vermelho
5211206,Centro Goiano,Ceres
5211305,Sul Goiano,Quirinópolis
5211404,Centro Goiano,Anápolis
5211503,Sul Goiano,Meia Ponte
5211602,Centro Goiano,Iporá
5211701,Sul Goiano,Vale do Rio dos Bois
5211800,Centro Goiano,Anápolis
5211909,Sul Goiano,Sudoeste de Goiás
5212006,Centro Goiano,Iporá
5212055,Centro Goiano,Anápolis
5212105,Sul Goiano,Meia Ponte
5212204,Noroeste Goiano,Rio Vermelho
5212253,Sul Goiano,Quirinópolis
5212303,Centro Goiano,Goiânia
5212501,Leste Goiano,Entorno de Brasília
5212600,Sul Goiano,Meia Ponte
5212709,Leste Goiano,Vão do Paraná
5212808,Norte Goiano,Porangatu
5212907,Sul Goiano,Meia Ponte
5212956,Noroeste Goiano,Rio Vermelho
5213004,Sul Goiano,Sudoeste de Goiás
5213053,Leste Goiano,Entorno de Brasília
5213087,Norte Goiano,Porangatu
5213103,Sul Goiano,Sudoeste de Goiás
5213400,Centro Goiano,Iporá
5213509,Norte Goiano,Chapada dos Veadeiros
5213707,Noroeste Goiano,Aragarças
5213756,Sul Goiano,Sudoeste de Goiás
5213772,Norte Goiano,Porangatu
2109056,Norte Maranhense,Litoral Ocidental Maranhense
2109106,Centro Maranhense,Presidente Dutra
2109205,Norte Maranhense,Rosário
2109239,Oeste Maranhense,Pindaré
2109270,Norte Maranhense,Baixada Maranhense
2109304,Norte Maranhense,Itapecuru Mirim
2109403,Norte Maranhense,Lençóis Maranhenses
2109452,Norte Maranhense,Aglomeração Urbana de São Luís
2109502,Sul Maranhense,Gerais de Balsas
2109551,Oeste Maranhense,Imperatriz
2109601,Norte Maranhense,Rosário
2109700,Sul Maranhense,Chapadas das Mangabeiras
2109759,Centro Maranhense,Alto Mearim e Grajaú
2109809,Norte Maranhense,Baixada Maranhense
2109908,Oeste Maranhense,Pindaré
2110005,Oeste Maranhense,Pindaré
2110039,Oeste Maranhense,Pindaré
2110104,Leste Maranhense,Baixo Parnaíba Maranhense
2110203,Norte Maranhense,Rosário
2110237,Leste Maranhense,Baixo Parnaíba Maranhense
2110278,Norte Maranhense,Lençóis Maranhenses
2110302,Centro Maranhense,Médio Mearim
5221403,Centro Goiano,Goiânia
5221452,Norte Goiano,Porangatu
5221502,Centro Goiano,Anicuns
5221551,Sul Goiano,Vale do Rio dos Bois
5221577,Noroeste Goiano,São Miguel do Araguaia
5221601,Norte Goiano,Porangatu
5221700,Centro Goiano,Ceres
5221809,Sul Goiano,Pires do Rio
5221858,Leste Goiano,Entorno de Brasília
5221908,Sul Goiano,Vale do Rio dos Bois
5222005,Sul Goiano,Pires do Rio
5222054,Sul Goiano,Meia Ponte
5222203,Leste Goiano,Entorno de Brasília
5222302,Leste Goiano,Entorno de Brasília
2100055,Oeste Maranhense,Imperatriz
2100105,Leste Maranhense,Coelho Neto
2100154,Leste Maranhense,Baixo Parnaíba Maranhense
2100204,Norte Maranhense,Litoral Ocidental Maranhense
2100303,Leste Maranhense,Coelho Neto
2100402,Oeste Maranhense,Pindaré
2100436,Leste Maranhense,Codó
2100477,Oeste Maranhense,Pindaré
2100501,Sul Maranhense,Gerais de Balsas
2100550,Oeste Maranhense,Gurupi
2100600,Oeste Maranhense,Imperatriz
2100709,Norte Maranhense,Baixada Maranhense
2100808,Leste Maranhense,Chapadinha
2100832,Norte Maranhense,Litoral Ocidental Maranhense
2100873,Oeste Maranhense,Pindaré
2100907,Leste Maranhense,Baixo Parnaíba Maranhense
2100956,Centro Maranhense,Alto Mearim e Grajaú
2101004,Norte Maranhense,Baixada Maranhense
2101103,Norte Maranhense,Rosário
2101202,Centro Maranhense,Médio Mearim
2101251,Norte Maranhense,Rosário
2101301,Norte Maranhense,Litoral Ocidental Maranhense
2101350,Norte Maranhense,Litoral Ocidental Maranhense
2101400,Sul Maranhense,Gerais de Balsas
2101509,Leste Maranhense,Chapadas do Alto Itapecuru
2101608,Centro Maranhense,Alto Mearim e Grajaú
2101707,Norte Maranhense,Lençóis Maranhenses
2101772,Norte Maranhense,Baixada Maranhense
2101731,Leste Maranhense,Chapadinha
2101806,Sul Maranhense,Chapadas das Mangabeiras
2101905,Norte Maranhense,Litoral Ocidental Maranhense
2101939,Centro Maranhense,Médio Mearim
2101970,Oeste Maranhense,Gurupi
2102002,Oeste Maranhense,Pindaré
2102036,Oeste Maranhense,Pindaré
2102077,Centro Maranhense,Médio Mearim
2102101,Leste Maranhense,Chapadinha
2102150,Oeste Maranhense,Pindaré
2102200,Leste Maranhense,Chapadinha
2102309,Leste Maranhense,Caxias
2102325,Oeste Maranhense,Pindaré
2102358,Oeste Maranhense,Imperatriz
2102374,Norte Maranhense,Rosário
2102408,Norte Maranhense,Litoral Ocidental Maranhense
2102507,Norte Maranhense,Baixada Maranhense
2102556,Sul Maranhense,Porto Franco
2102606,Oeste Maranhense,Gurupi
2102705,Norte Maranhense,Itapecuru Mirim
2102754,Leste Maranhense,Codó
2102804,Sul Maranhense,Porto Franco
2102903,Oeste Maranhense,Gurupi
2103000,Leste Maranhense,Caxias
2103109,Norte Maranhense,Litoral Ocidental Maranhense
2103125,Norte Maranhense,Litoral Ocidental Maranhense
2103158,Oeste Maranhense,Gurupi
2103174,Oeste Maranhense,Gurupi
2103208,Leste Maranhense,Chapadinha
2103257,Oeste Maranhense,Imperatriz
2103307,Leste Maranhense,Codó
2103406,Leste Maranhense,Coelho Neto
2103505,Leste Maranhense,Chapadas do Alto Itapecuru
2103554,Norte Maranhense,Baixada Maranhense
2103604,Leste Maranhense,Codó
2103703,Norte Maranhense,Litoral Ocidental Maranhense
2103752,Oeste Maranhense,Imperatriz
2103802,Centro Maranhense,Presidente Dutra
2103901,Leste Maranhense,Coelho Neto
2104008,Centro Maranhense,Médio Mearim
2104057,Sul Maranhense,Porto Franco
2104073,Sul Maranhense,Gerais de Balsas
2104081,Centro Maranhense,Alto Mearim e Grajaú
2104099,Centro Maranhense,Alto Mearim e Grajaú
2104107,Sul Maranhense,Chapadas das Mangabeiras
2104206,Centro Maranhense,Presidente Dutra
2104305,Oeste Maranhense,Gurupi
2104404,Centro Maranhense,Presidente Dutra
2104503,Centro Maranhense,Presidente Dutra
2104552,Oeste Maranhense,Imperatriz
2104602,Centro Maranhense,Presidente Dutra
2104628,Centro Maranhense,Presidente Dutra
2104651,Oeste Maranhense,Pindaré
2104677,Oeste Maranhense,Gurupi
2104701,Centro Maranhense,Presidente Dutra
2104800,Centro Maranhense,Alto Mearim e Grajaú
2104909,Norte Maranhense,Litoral Ocidental Maranhense
2105005,Norte Maranhense,Lençóis Maranhenses
2105104,Norte Maranhense,Rosário
2105153,Norte Maranhense,Baixada Maranhense
2105203,Centro Maranhense,Médio Mearim
2105302,Oeste Maranhense,Imperatriz
2105351,Centro Maranhense,Alto Mearim e Grajaú
2105401,Norte Maranhense,Itapecuru Mirim
2105427,Oeste Maranhense,Imperatriz
2105450,Leste Maranhense,Chapadas do Alto Itapecuru
2105476,Centro Maranhense,Alto Mearim e Grajaú
2105500,Oeste Maranhense,Imperatriz
2105609,Centro Maranhense,Alto Mearim e Grajaú
2105658,Oeste Maranhense,Gurupi
2105708,Oeste Maranhense,Pindaré
2105807,Centro Maranhense,Médio Mearim
2105948,Centro Maranhense,Médio Mearim
2105906,Centro Maranhense,Médio Mearim
2105922,Leste Maranhense,Chapadas do Alto Itapecuru
2105963,Oeste Maranhense,Pindaré
2105989,Oeste Maranhense,Imperatriz
2106003,Centro Maranhense,Médio Mearim
2106102,Sul Maranhense,Chapadas das Mangabeiras
2106201,Oeste Maranhense,Gurupi
2106300,Leste Maranhense,Baixo Parnaíba Maranhense
2106326,Oeste Maranhense,Gurupi
2106359,Oeste Maranhense,Pindaré
2106375,Oeste Maranhense,Gurupi
2106409,Leste Maranhense,Chapadinha
2106508,Norte Maranhense,Baixada Maranhense
2106607,Leste Maranhense,Caxias
2106631,Norte Maranhense,Itapecuru Mirim
2106672,Leste Maranhense,Chapadinha
2106706,Leste Maranhense,Chapadas do Alto Itapecuru
2106755,Norte Maranhense,Itapecuru Mirim
2106805,Norte Maranhense,Litoral Ocidental Maranhense
2106904,Norte Maranhense,Baixada Maranhense
2107001,Oeste Maranhense,Imperatriz
2107100,Norte Maranhense,Rosário
2107209,Norte Maranhense,Itapecuru Mirim
2107258,Sul Maranhense,Chapadas das Mangabeiras
2107308,Leste Maranhense,Chapadas do Alto Itapecuru
2107357,Oeste Maranhense,Pindaré
2107456,Norte Maranhense,Baixada Maranhense
2107506,Norte Maranhense,Aglomeração Urbana de São Luís
2107605,Norte Maranhense,Baixada Maranhense
2107704,Leste Maranhense,Chapadas do Alto Itapecuru
2107803,Leste Maranhense,Caxias
2107902,Leste Maranhense,Chapadas do Alto Itapecuru
2108009,Leste Maranhense,Chapadas do Alto Itapecuru
2108058,Norte Maranhense,Lençóis Maranhenses
2108108,Oeste Maranhense,Pindaré
2108207,Centro Maranhense,Médio Mearim
2108256,Norte Maranhense,Baixada Maranhense
2108306,Norte Maranhense,Baixada Maranhense
2108405,Norte Maranhense,Baixada Maranhense
2108454,Leste Maranhense,Codó
2108603,Norte Maranhense,Baixada Maranhense
2108702,Centro Maranhense,Médio Mearim
2108801,Norte Maranhense,Itapecuru Mirim
2108900,Centro Maranhense,Médio Mearim
2109007,Sul Maranhense,Porto Franco
3101607,Sul/sudoeste de Minas,Alfenas
3101631,Campo das Vertentes,Barbacena
3101706,Jequitinhonha,Almenara
3101805,Vale do Rio Doce,Governador Valadares
3101904,Sul/sudoeste de Minas,Passos
3102001,Sul/sudoeste de Minas,Alfenas
3102050,Zona da Mata,Manhuaçu
3153509,Zona da Mata,Manhuaçu
3102100,Zona da Mata,Viçosa
3102209,Vale do Rio Doce,Aimorés
3102308,Metropolitana de Belo Horizonte,Itabira
3102407,Metropolitana de Belo Horizonte,Conceição do Mato Dentro
3102605,Sul/sudoeste de Minas,Poços de Caldas
3102803,Sul/sudoeste de Minas,Andrelândia
3102852,Jequitinhonha,Capelinha
3102902,Campo das Vertentes,Barbacena
3103009,Vale do Rio Doce,Ipatinga
3103108,Zona da Mata,Muriaé
3103207,Metropolitana de Belo Horizonte,Sete Lagoas
3103306,Zona da Mata,Juiz de Fora
3103405,Jequitinhonha,Araçuaí
3103504,Triângulo Mineiro/alto Paranaíba,Uberlândia
3103603,Sul/sudoeste de Minas,Andrelândia
3103702,Zona da Mata,Viçosa
3103751,Triângulo Mineiro/alto Paranaíba,Uberlândia
3103801,Triângulo Mineiro/alto Paranaíba,Patos de Minas
3103900,Central Mineira,Bom Despacho
3104007,Triângulo Mineiro/alto Paranaíba,Araxá
3104106,Sul/sudoeste de Minas,São Sebastião do Paraíso
3104205,Oeste de Minas,Formiga
3104304,Sul/sudoeste de Minas,Alfenas
3104403,Zona da Mata,Cataguases
3104452,Jequitinhonha,Capelinha
3104502,Noroeste de Minas,Unaí
3104601,Zona da Mata,Ubá
3104700,Vale do Mucuri,Teófilo Otoni
3104809,Central Mineira,Curvelo
3104908,Sul/sudoeste de Minas,São Lourenço
3105004,Metropolitana de Belo Horizonte,Sete Lagoas
3105103,Oeste de Minas,Piuí
3105202,Jequitinhonha,Almenara
3105301,Sul/sudoeste de Minas,Poços de Caldas
3105400,Metropolitana de Belo Horizonte,Itabira
3105509,Zona da Mata,Muriaé
3105608,Campo das Vertentes,Barbacena
3105707,Zona da Mata,Ponte Nova
3105905,Campo das Vertentes,Barbacena
3106002,Metropolitana de Belo Horizonte,Itabira
3106101,Zona da Mata,Juiz de Fora
3106200,Metropolitana de Belo Horizonte,Belo Horizonte
3106309,Vale do Rio Doce,Ipatinga
3106408,Metropolitana de Belo Horizonte,Itaguara
3106507,Jequitinhonha,Capelinha
3106655,Norte de Minas,Salinas
3106606,Vale do Mucuri,Nanuque
3106705,Metropolitana de Belo Horizonte,Belo Horizonte
3106804,Zona da Mata,Juiz de Fora
3106903,Zona da Mata,Juiz de Fora
3107000,Central Mineira,Três Marias
3107109,Sul/sudoeste de Minas,Varginha
3107208,Sul/sudoeste de Minas,Andrelândia
3107307,Norte de Minas,Bocaiúva
3107406,Central Mineira,Bom Despacho
3107505,Sul/sudoeste de Minas,Andrelândia
3107604,Sul/sudoeste de Minas,Passos
3107703,Metropolitana de Belo Horizonte,Itabira
3107802,Vale do Rio Doce,Caratinga
3107901,Sul/sudoeste de Minas,Pouso Alegre
3108008,Oeste de Minas,Oliveira
3108107,Metropolitana de Belo Horizonte,Itaguara
3108206,Noroeste de Minas,Unaí
3108255,Norte de Minas,Januária
3108305,Sul/sudoeste de Minas,Pouso Alegre
3108404,Sul/sudoeste de Minas,Poços de Caldas
3108503,Norte de Minas,Grão Mogol
3108701,Zona da Mata,Viçosa
3108552,Noroeste de Minas,Paracatu
3108602,Norte de Minas,Montes Claros
3108800,Vale do Rio Doce,Guanhães
3109006,Metropolitana de Belo Horizonte,Belo Horizonte
3109105,Sul/sudoeste de Minas,Pouso Alegre
3109204,Central Mineira,Curvelo
3109253,Vale do Rio Doce,Caratinga
3109303,Noroeste de Minas,Unaí
3109402,Norte de Minas,Pirapora
3109451,Noroeste de Minas,Unaí
3109501,Sul/sudoeste de Minas,São Sebastião do Paraíso
3109600,Metropolitana de Belo Horizonte,Sete Lagoas
2110401,Leste Maranhense,Chapadinha
2110500,Norte Maranhense,Baixada Maranhense
2110609,Leste Maranhense,Baixo Parnaíba Maranhense
2110658,Sul Maranhense,Chapadas das Mangabeiras
2110708,Centro Maranhense,Presidente Dutra
2110807,Sul Maranhense,Chapadas das Mangabeiras
2110856,Oeste Maranhense,Imperatriz
2110906,Leste Maranhense,Chapadas do Alto Itapecuru
2111003,Norte Maranhense,Baixada Maranhense
2111029,Oeste Maranhense,Pindaré
2111052,Sul Maranhense,Porto Franco
2111078,Leste Maranhense,Caxias
2111102,Leste Maranhense,Chapadas do Alto Itapecuru
2111201,Norte Maranhense,Aglomeração Urbana de São Luís
2111250,Centro Maranhense,Presidente Dutra
2111300,Norte Maranhense,Aglomeração Urbana de São Luís
2111409,Centro Maranhense,Médio Mearim
2111508,Centro Maranhense,Médio Mearim
2111532,Oeste Maranhense,Imperatriz
2111573,Sul Maranhense,Porto Franco
2111607,Sul Maranhense,Chapadas das Mangabeiras
2111631,Centro Maranhense,Médio Mearim
2111672,Centro Maranhense,Médio Mearim
2111706,Norte Maranhense,Baixada Maranhense
2111722,Centro Maranhense,Médio Mearim
2111748,Centro Maranhense,Presidente Dutra
2111763,Oeste Maranhense,Imperatriz
2111789,Norte Maranhense,Litoral Ocidental Maranhense
2111805,Centro Maranhense,Alto Mearim e Grajaú
2111904,Leste Maranhense,Chapadas do Alto Itapecuru
2111953,Leste Maranhense,Chapadas do Alto Itapecuru
2112001,Sul Maranhense,Gerais de Balsas
2112100,Leste Maranhense,Codó
2112209,Leste Maranhense,Caxias
2112233,Centro Maranhense,Médio Mearim
2112274,Oeste Maranhense,Pindaré
2112308,Centro Maranhense,Alto Mearim e Grajaú
2112407,Oeste Maranhense,Gurupi
2112456,Oeste Maranhense,Gurupi
2112506,Norte Maranhense,Lençóis Maranhenses
2112605,Leste Maranhense,Chapadinha
2112704,Norte Maranhense,Itapecuru Mirim
2112803,Norte Maranhense,Baixada Maranhense
2112852,Oeste Maranhense,Imperatriz
2112902,Norte Maranhense,Baixada Maranhense
2113009,Oeste Maranhense,Pindaré
2114007,Oeste Maranhense,Pindaré
3100104,Triângulo Mineiro/alto Paranaíba,Patrocínio
3100203,Central Mineira,Três Marias
3100302,Zona da Mata,Manhuaçu
3100401,Zona da Mata,Ponte Nova
3100500,Vale do Rio Doce,Ipatinga
3100609,Vale do Rio Doce,Peçanha
3100708,Triângulo Mineiro/alto Paranaíba,Uberaba
3100807,Oeste de Minas,Campo Belo
3100906,Vale do Mucuri,Nanuque
3101003,Norte de Minas,Salinas
3101102,Vale do Rio Doce,Aimorés
3101201,Sul/sudoeste de Minas,Andrelândia
3101300,Sul/sudoeste de Minas,São Lourenço
3101409,Sul/sudoeste de Minas,Poços de Caldas
3101508,Zona da Mata,Cataguases
3122702,Zona da Mata,Ponte Nova
3122801,Sul/sudoeste de Minas,Itajubá
3123007,Campo das Vertentes,São João Del Rei
3123106,Vale do Rio Doce,Guanhães
3123205,Central Mineira,Bom Despacho
3123304,Zona da Mata,Ubá
3123403,Oeste de Minas,Piuí
3123502,Triângulo Mineiro/alto Paranaíba,Patrocínio
3123528,Zona da Mata,Manhuaçu
3123601,Sul/sudoeste de Minas,Varginha
3123700,Vale do Rio Doce,Governador Valadares
3123809,Norte de Minas,Bocaiúva
3123858,Vale do Rio Doce,Caratinga
3123908,Metropolitana de Belo Horizonte,Conselheiro Lafaiete
3124005,Zona da Mata,Viçosa
3124104,Metropolitana de Belo Horizonte,Belo Horizonte
3124203,Zona da Mata,Muriaé
3124302,Norte de Minas,Janaúba
3124401,Sul/sudoeste de Minas,Pouso Alegre
3124500,Sul/sudoeste de Minas,Pouso Alegre
3124609,Zona da Mata,Cataguases
3109709,Sul/sudoeste de Minas,Santa Rita do Sapucaí
3102704,Jequitinhonha,Pedra Azul
3109808,Triângulo Mineiro/alto Paranaíba,Ituiutaba
3109907,Metropolitana de Belo Horizonte,Sete Lagoas
3110004,Metropolitana de Belo Horizonte,Belo Horizonte
3110103,Zona da Mata,Muriaé
3110202,Zona da Mata,Viçosa
3110301,Sul/sudoeste de Minas,Poços de Caldas
3110400,Oeste de Minas,Formiga
3110509,Sul/sudoeste de Minas,Pouso Alegre
3110608,Sul/sudoeste de Minas,Pouso Alegre
3110707,Sul/sudoeste de Minas,São Lourenço
3110806,Vale do Rio Doce,Governador Valadares
3110905,Sul/sudoeste de Minas,Varginha
3111002,Sul/sudoeste de Minas,Poços de Caldas
3111101,Triângulo Mineiro/alto Paranaíba,Frutal
3111150,Norte de Minas,Montes Claros
3111200,Oeste de Minas,Campo Belo
3111309,Sul/sudoeste de Minas,Varginha
3111408,Triângulo Mineiro/alto Paranaíba,Uberaba
3111507,Triângulo Mineiro/alto Paranaíba,Araxá
3111606,Sul/sudoeste de Minas,Varginha
3111903,Oeste de Minas,Campo Belo
3111705,Zona da Mata,Viçosa
3111804,Triângulo Mineiro/alto Paranaíba,Uberlândia
3112000,Oeste de Minas,Campo Belo
3112059,Vale do Rio Doce,Peçanha
3112109,Zona da Mata,Manhuaçu
3112208,Campo das Vertentes,Barbacena
3112307,Jequitinhonha,Capelinha
3112406,Sul/sudoeste de Minas,Passos
3112505,Metropolitana de Belo Horizonte,Sete Lagoas
3112604,Triângulo Mineiro/alto Paranaíba,Ituiutaba
3112653,Vale do Rio Doce,Governador Valadares
3112703,Norte de Minas,Montes Claros
3112802,Sul/sudoeste de Minas,Passos
3112901,Zona da Mata,Manhuaçu
3113008,Jequitinhonha,Araçuaí
3113107,Campo das Vertentes,Barbacena
3113206,Campo das Vertentes,Barbacena
3113305,Zona da Mata,Muriaé
3113404,Vale do Rio Doce,Caratinga
3113503,Jequitinhonha,Capelinha
3113602,Sul/sudoeste de Minas,Santa Rita do Sapucaí
3113701,Vale do Mucuri,Nanuque
3113800,Vale do Rio Doce,Guanhães
3113909,Sul/sudoeste de Minas,Varginha
3114006,Oeste de Minas,Oliveira
3114105,Sul/sudoeste de Minas,São Lourenço
3114204,Oeste de Minas,Divinópolis
3114303,Triângulo Mineiro/alto Paranaíba,Patos de Minas
3114402,Sul/sudoeste de Minas,Alfenas
3114501,Oeste de Minas,Oliveira
3114550,Triângulo Mineiro/alto Paranaíba,Frutal
3114600,Campo das Vertentes,Lavras
3114709,Sul/sudoeste de Minas,Alfenas
3114808,Sul/sudoeste de Minas,Andrelândia
3114907,Metropolitana de Belo Horizonte,Conselheiro Lafaiete
3115003,Triângulo Mineiro/alto Paranaíba,Uberlândia
3115102,Sul/sudoeste de Minas,Passos
3115300,Zona da Mata,Cataguases
3115359,Metropolitana de Belo Horizonte,Itabira
3115409,Metropolitana de Belo Horizonte,Conselheiro Lafaiete
3115458,Vale do Mucuri,Teófilo Otoni
3115474,Norte de Minas,Janaúba
3115508,Sul/sudoeste de Minas,São Lourenço
3115607,Central Mineira,Três Marias
3115706,Vale do Rio Doce,Mantena
3115805,Triângulo Mineiro/alto Paranaíba,Uberlândia
3115904,Zona da Mata,Juiz de Fora
3116001,Zona da Mata,Manhuaçu
3116100,Jequitinhonha,Capelinha
3116159,Norte de Minas,Januária
3116209,Zona da Mata,Juiz de Fora
3116308,Zona da Mata,Viçosa
3116407,Sul/sudoeste de Minas,Passos
3116506,Norte de Minas,Montes Claros
3116605,Oeste de Minas,Divinópolis
3116704,Zona da Mata,Viçosa
3116803,Vale do Rio Doce,Guanhães
3116902,Triângulo Mineiro/alto Paranaíba,Frutal
3117009,Jequitinhonha,Pedra Azul
3117108,Sul/sudoeste de Minas,Alfenas
3115201,Campo das Vertentes,São João Del Rei
3117306,Triângulo Mineiro/alto Paranaíba,Uberaba
3117207,Sul/sudoeste de Minas,Santa Rita do Sapucaí
3117405,Vale do Rio Doce,Aimorés
3117504,Metropolitana de Belo Horizonte,Conceição do Mato Dentro
3117603,Oeste de Minas,Divinópolis
3117702,Sul/sudoeste de Minas,São Lourenço
3117801,Sul/sudoeste de Minas,Santa Rita do Sapucaí
3117836,Norte de Minas,Januária
3117876,Metropolitana de Belo Horizonte,Belo Horizonte
3117900,Sul/sudoeste de Minas,Pouso Alegre
3118007,Metropolitana de Belo Horizonte,Conselheiro Lafaiete
3118106,Metropolitana de Belo Horizonte,Conceição do Mato Dentro
3118205,Triângulo Mineiro/alto Paranaíba,Uberaba
3118304,Metropolitana de Belo Horizonte,Conselheiro Lafaiete
3118403,Vale do Rio Doce,Aimorés
3118502,Sul/sudoeste de Minas,Itajubá
3118601,Metropolitana de Belo Horizonte,Belo Horizonte
3118700,Sul/sudoeste de Minas,Varginha
3118809,Norte de Minas,Montes Claros
3118908,Metropolitana de Belo Horizonte,Sete Lagoas
3119005,Sul/sudoeste de Minas,Santa Rita do Sapucaí
3119104,Central Mineira,Curvelo
3119203,Vale do Rio Doce,Governador Valadares
3119302,Triângulo Mineiro/alto Paranaíba,Patrocínio
3119401,Vale do Rio Doce,Ipatinga
3119500,Jequitinhonha,Araçuaí
3119609,Zona da Mata,Juiz de Fora
3119708,Campo das Vertentes,São João Del Rei
3119807,Oeste de Minas,Piuí
3119906,Sul/sudoeste de Minas,Pouso Alegre
3119955,Oeste de Minas,Formiga
3120003,Vale do Rio Doce,Caratinga
3120102,Jequitinhonha,Diamantina
3120151,Vale do Mucuri,Nanuque
3120201,Oeste de Minas,Campo Belo
3120300,Norte de Minas,Grão Mogol
3120409,Metropolitana de Belo Horizonte,Conselheiro Lafaiete
3120508,Sul/sudoeste de Minas,Itajubá
3120607,Metropolitana de Belo Horizonte,Itaguara
3120706,Triângulo Mineiro/alto Paranaíba,Patrocínio
3120805,Sul/sudoeste de Minas,Andrelândia
3120839,Vale do Rio Doce,Aimorés
3120870,Norte de Minas,Salinas
3120904,Central Mineira,Curvelo
3121001,Jequitinhonha,Diamantina
3121100,Sul/sudoeste de Minas,Itajubá
3121209,Sul/sudoeste de Minas,Passos
3121258,Triângulo Mineiro/alto Paranaíba,Uberaba
3121308,Zona da Mata,Juiz de Fora
3121407,Metropolitana de Belo Horizonte,Conselheiro Lafaiete
3121506,Campo das Vertentes,Barbacena
3121605,Jequitinhonha,Diamantina
3121704,Metropolitana de Belo Horizonte,Ouro Preto
3121803,Metropolitana de Belo Horizonte,Itabira
3121902,Zona da Mata,Ubá
3122009,Zona da Mata,Muriaé
3122108,Vale do Rio Doce,Governador Valadares
3122207,Vale do Rio Doce,Guanhães
3122306,Oeste de Minas,Divinópolis
3122355,Norte de Minas,Salinas
3122405,Sul/sudoeste de Minas,Alfenas
3122454,Jequitinhonha,Almenara
3122470,Noroeste de Minas,Unaí
3122504,Vale do Rio Doce,Caratinga
3122603,Metropolitana de Belo Horizonte,Conceição do Mato Dentro
3130101,Metropolitana de Belo Horizonte,Belo Horizonte
3130200,Oeste de Minas,Divinópolis
3130309,Oeste de Minas,Piuí
3130408,Campo das Vertentes,Lavras
3130507,Sul/sudoeste de Minas,Varginha
3130556,Vale do Rio Doce,Caratinga
3130606,Sul/sudoeste de Minas,Poços de Caldas
3130655,Norte de Minas,Salinas
3130705,Triângulo Mineiro/alto Paranaíba,Uberlândia
3130804,Campo das Vertentes,Lavras
3130903,Vale do Rio Doce,Caratinga
3131000,Metropolitana de Belo Horizonte,Sete Lagoas
3131109,Central Mineira,Curvelo
3131158,Vale do Rio Doce,Caratinga
3131208,Vale do Rio Doce,Aimorés
3131307,Vale do Rio Doce,Ipatinga
3131406,Triângulo Mineiro/alto Paranaíba,Ituiutaba
3131505,Sul/sudoeste de Minas,Pouso Alegre
3131604,Triângulo Mineiro/alto Paranaíba,Patrocínio
3131703,Metropolitana de Belo Horizonte,Itabira
3131802,Vale do Rio Doce,Mantena
3131901,Metropolitana de Belo Horizonte,Ouro Preto
3132008,Norte de Minas,Grão Mogol
3132107,Norte de Minas,Januária
3132206,Metropolitana de Belo Horizonte,Itaguara
3132305,Vale do Mucuri,Teófilo Otoni
3132404,Sul/sudoeste de Minas,Itajubá
3132503,Jequitinhonha,Capelinha
3132602,Zona da Mata,Cataguases
3132701,Vale do Rio Doce,Governador Valadares
3132800,Metropolitana de Belo Horizonte,Conceição do Mato Dentro
3132909,Sul/sudoeste de Minas,São Sebastião do Paraíso
3133006,Sul/sudoeste de Minas,São Lourenço
3133105,Sul/sudoeste de Minas,São Lourenço
3133204,Vale do Rio Doce,Governador Valadares
3133303,Jequitinhonha,Pedra Azul
3133402,Triângulo Mineiro/alto Paranaíba,Frutal
3133501,Oeste de Minas,Formiga
3133600,Sul/sudoeste de Minas,Pouso Alegre
3133709,Metropolitana de Belo Horizonte,Itaguara
3133758,Sul/sudoeste de Minas,Passos
3133808,Oeste de Minas,Divinópolis
3133907,Metropolitana de Belo Horizonte,Conselheiro Lafaiete
3134004,Jequitinhonha,Araçuaí
3134103,Vale do Rio Doce,Aimorés
3134202,Triângulo Mineiro/alto Paranaíba,Ituiutaba
3134301,Campo das Vertentes,Lavras
3134400,Triângulo Mineiro/alto Paranaíba,Frutal
3134509,Campo das Vertentes,Lavras
3134608,Metropolitana de Belo Horizonte,Sete Lagoas
3134707,Jequitinhonha,Almenara
3134806,Sul/sudoeste de Minas,São Sebastião do Paraíso
3134905,Sul/sudoeste de Minas,Poços de Caldas
3135001,Vale do Rio Doce,Ipatinga
3135050,Norte de Minas,Janaúba
3135076,Vale do Rio Doce,Governador Valadares
3135100,Norte de Minas,Janaúba
3135209,Norte de Minas,Januária
3135308,Central Mineira,Bom Despacho
3135357,Norte de Minas,Montes Claros
3135407,Metropolitana de Belo Horizonte,Itaguara
3135456,Jequitinhonha,Capelinha
3135506,Zona da Mata,Ponte Nova
3135605,Norte de Minas,Pirapora
3135704,Metropolitana de Belo Horizonte,Sete Lagoas
3135803,Jequitinhonha,Almenara
3135902,Sul/sudoeste de Minas,São Lourenço
3136009,Jequitinhonha,Almenara
3136108,Vale do Rio Doce,Ipatinga
3136207,Metropolitana de Belo Horizonte,Itabira
3136306,Noroeste de Minas,Paracatu
3136405,Central Mineira,Curvelo
3136504,Jequitinhonha,Almenara
3136520,Jequitinhonha,Capelinha
3136553,Vale do Rio Doce,Peçanha
3136579,Norte de Minas,Grão Mogol
3136652,Metropolitana de Belo Horizonte,Belo Horizonte
3136702,Zona da Mata,Juiz de Fora
3136801,Norte de Minas,Montes Claros
3136900,Sul/sudoeste de Minas,São Sebastião do Paraíso
3136959,Norte de Minas,Januária
3137007,Vale do Mucuri,Teófilo Otoni
3137106,Noroeste de Minas,Paracatu
3137205,Central Mineira,Bom Despacho
3124708,Central Mineira,Bom Despacho
3124807,Triângulo Mineiro/alto Paranaíba,Patrocínio
3124906,Zona da Mata,Muriaé
3125002,Zona da Mata,Juiz de Fora
3125101,Sul/sudoeste de Minas,Pouso Alegre
3125200,Sul/sudoeste de Minas,Alfenas
3125309,Zona da Mata,Muriaé
3125408,Jequitinhonha,Diamantina
3125606,Jequitinhonha,Almenara
3125705,Central Mineira,Curvelo
3125804,Vale do Rio Doce,Governador Valadares
3125903,Metropolitana de Belo Horizonte,Itabira
3125952,Zona da Mata,Muriaé
3126000,Metropolitana de Belo Horizonte,Pará de Minas
3126109,Oeste de Minas,Formiga
3126208,Noroeste de Minas,Unaí
3126307,Sul/sudoeste de Minas,Passos
3126406,Metropolitana de Belo Horizonte,Sete Lagoas
3126505,Jequitinhonha,Capelinha
3126604,Norte de Minas,Bocaiúva
3126703,Norte de Minas,Montes Claros
3126752,Vale do Mucuri,Teófilo Otoni
3126802,Vale do Mucuri,Teófilo Otoni
3126901,Vale do Rio Doce,Governador Valadares
3126950,Vale do Rio Doce,Peçanha
3127008,Triângulo Mineiro/alto Paranaíba,Frutal
3127057,Vale do Mucuri,Nanuque
3127073,Norte de Minas,Salinas
3127107,Triângulo Mineiro/alto Paranaíba,Frutal
3127206,Metropolitana de Belo Horizonte,Sete Lagoas
3127305,Vale do Rio Doce,Governador Valadares
3127339,Norte de Minas,Janaúba
3127354,Norte de Minas,Montes Claros
3127370,Vale do Rio Doce,Aimorés
3127388,Zona da Mata,Juiz de Fora
3127404,Sul/sudoeste de Minas,Pouso Alegre
3127503,Vale do Rio Doce,Guanhães
3127602,Jequitinhonha,Diamantina
3127701,Vale do Rio Doce,Governador Valadares
3127800,Norte de Minas,Grão Mogol
3127909,Triângulo Mineiro/alto Paranaíba,Patrocínio
3128006,Vale do Rio Doce,Guanhães
3128105,Sul/sudoeste de Minas,Varginha
3128204,Zona da Mata,Ponte Nova
3128253,Norte de Minas,Bocaiúva
3128303,Sul/sudoeste de Minas,São Sebastião do Paraíso
3128402,Zona da Mata,Ubá
3128501,Zona da Mata,Juiz de Fora
3128600,Noroeste de Minas,Paracatu
3128709,Sul/sudoeste de Minas,São Sebastião do Paraíso
3128808,Zona da Mata,Ubá
3128907,Triângulo Mineiro/alto Paranaíba,Patos de Minas
3129004,Zona da Mata,Ubá
3129103,Triângulo Mineiro/alto Paranaíba,Ituiutaba
3129202,Sul/sudoeste de Minas,Santa Rita do Sapucaí
3129301,Vale do Rio Doce,Caratinga
3129400,Campo das Vertentes,Barbacena
3129509,Triângulo Mineiro/alto Paranaíba,Araxá
3129608,Norte de Minas,Pirapora
3129657,Norte de Minas,Montes Claros
3129707,Sul/sudoeste de Minas,Passos
3129806,Metropolitana de Belo Horizonte,Belo Horizonte
3129905,Sul/sudoeste de Minas,Poços de Caldas
3130002,Oeste de Minas,Oliveira
3130051,Norte de Minas,Januária
3149309,Metropolitana de Belo Horizonte,Belo Horizonte
3149408,Zona da Mata,Juiz de Fora
3149507,Zona da Mata,Juiz de Fora
3149606,Metropolitana de Belo Horizonte,Sete Lagoas
3149705,Oeste de Minas,Divinópolis
3149804,Triângulo Mineiro/alto Paranaíba,Araxá
3149903,Oeste de Minas,Campo Belo
3149952,Vale do Rio Doce,Ipatinga
3150000,Vale do Rio Doce,Governador Valadares
3150109,Zona da Mata,Juiz de Fora
3150158,Vale do Rio Doce,Caratinga
3150208,Zona da Mata,Ponte Nova
3150307,Campo das Vertentes,São João Del Rei
3150406,Metropolitana de Belo Horizonte,Itaguara
3150505,Oeste de Minas,Formiga
3150570,Norte de Minas,Januária
3150604,Oeste de Minas,Oliveira
3150703,Triângulo Mineiro/alto Paranaíba,Frutal
3150802,Zona da Mata,Viçosa
3150901,Sul/sudoeste de Minas,Itajubá
3151008,Sul/sudoeste de Minas,Itajubá
3151107,Zona da Mata,Cataguases
3137304,Norte de Minas,Pirapora
3137403,Campo das Vertentes,São João Del Rei
3137502,Triângulo Mineiro/alto Paranaíba,Patos de Minas
3137536,Noroeste de Minas,Paracatu
3137601,Metropolitana de Belo Horizonte,Belo Horizonte
3137700,Zona da Mata,Manhuaçu
3137809,Sul/sudoeste de Minas,São Lourenço
3137908,Zona da Mata,Viçosa
3138005,Zona da Mata,Cataguases
3138104,Norte de Minas,Pirapora
3138203,Campo das Vertentes,Lavras
3138302,Central Mineira,Bom Despacho
3138351,Jequitinhonha,Capelinha
3138401,Zona da Mata,Cataguases
3138500,Sul/sudoeste de Minas,Andrelândia
3138609,Zona da Mata,Juiz de Fora
3138625,Triângulo Mineiro/alto Paranaíba,Frutal
3138658,Norte de Minas,Montes Claros
3138674,Zona da Mata,Manhuaçu
3138682,Norte de Minas,Montes Claros
3138708,Campo das Vertentes,Lavras
3138807,Central Mineira,Bom Despacho
3138906,Vale do Mucuri,Nanuque
3139003,Sul/sudoeste de Minas,Alfenas
3139102,Campo das Vertentes,São João Del Rei
3139201,Vale do Mucuri,Teófilo Otoni
3139250,Norte de Minas,Janaúba
3139300,Norte de Minas,Januária
3139409,Zona da Mata,Manhuaçu
3139508,Zona da Mata,Manhuaçu
3139607,Vale do Rio Doce,Mantena
3139805,Zona da Mata,Juiz de Fora
3139706,Metropolitana de Belo Horizonte,Sete Lagoas
3139904,Sul/sudoeste de Minas,Itajubá
3140001,Metropolitana de Belo Horizonte,Ouro Preto
3140100,Vale do Rio Doce,Governador Valadares
3140159,Metropolitana de Belo Horizonte,Belo Horizonte
3140209,Zona da Mata,Juiz de Fora
3140308,Vale do Rio Doce,Ipatinga
3140407,Sul/sudoeste de Minas,Itajubá
3140506,Central Mineira,Bom Despacho
3140530,Zona da Mata,Manhuaçu
3140555,Jequitinhonha,Almenara
3140605,Vale do Rio Doce,Guanhães
3140704,Metropolitana de Belo Horizonte,Belo Horizonte
3171501,Vale do Rio Doce,Governador Valadares
3140803,Zona da Mata,Juiz de Fora
3140852,Norte de Minas,Januária
3140902,Zona da Mata,Manhuaçu
3141009,Norte de Minas,Janaúba
3141108,Metropolitana de Belo Horizonte,Sete Lagoas
3141207,Triângulo Mineiro/alto Paranaíba,Patos de Minas
3141306,Oeste de Minas,Piuí
3141405,Jequitinhonha,Pedra Azul
3141504,Vale do Rio Doce,Mantena
3141603,Zona da Mata,Ubá
3141702,Vale do Rio Doce,Ipatinga
3141801,Jequitinhonha,Capelinha
3141900,Sul/sudoeste de Minas,Andrelândia
3142007,Norte de Minas,Montes Claros
3142106,Zona da Mata,Muriaé
3142205,Zona da Mata,Muriaé
3142254,Norte de Minas,Januária
3142304,Metropolitana de Belo Horizonte,Itaguara
3142403,Central Mineira,Bom Despacho
3142502,Central Mineira,Curvelo
3142601,Sul/sudoeste de Minas,Varginha
3142700,Norte de Minas,Januária
3142809,Triângulo Mineiro/alto Paranaíba,Uberlândia
3142908,Norte de Minas,Janaúba
3143005,Sul/sudoeste de Minas,São Sebastião do Paraíso
3143104,Triângulo Mineiro/alto Paranaíba,Patrocínio
3143153,Jequitinhonha,Almenara
3143203,Sul/sudoeste de Minas,São Sebastião do Paraíso
3143401,Sul/sudoeste de Minas,Poços de Caldas
3143302,Norte de Minas,Montes Claros
3143450,Norte de Minas,Salinas
3143500,Central Mineira,Três Marias
3143609,Central Mineira,Curvelo
3143708,Metropolitana de Belo Horizonte,Conceição do Mato Dentro
3143807,Sul/sudoeste de Minas,Pouso Alegre
3143906,Zona da Mata,Muriaé
3144003,Vale do Rio Doce,Aimorés
3144102,Sul/sudoeste de Minas,São Sebastião do Paraíso
3144201,Vale do Rio Doce,Governador Valadares
3144300,Vale do Mucuri,Nanuque
3144359,Vale do Rio Doce,Ipatinga
3144375,Noroeste de Minas,Unaí
3144409,Sul/sudoeste de Minas,Santa Rita do Sapucaí
3144508,Campo das Vertentes,São João Del Rei
3144607,Campo das Vertentes,Lavras
3144656,Norte de Minas,Salinas
3144672,Vale do Rio Doce,Mantena
3144706,Metropolitana de Belo Horizonte,Itabira
3144805,Metropolitana de Belo Horizonte,Belo Horizonte
3144904,Vale do Rio Doce,Governador Valadares
3145000,Triângulo Mineiro/alto Paranaíba,Araxá
3145059,Norte de Minas,Janaúba
3145109,Sul/sudoeste de Minas,São Sebastião do Paraíso
3145208,Oeste de Minas,Divinópolis
3136603,Metropolitana de Belo Horizonte,Itabira
3145307,Jequitinhonha,Araçuaí
3145356,Vale do Mucuri,Teófilo Otoni
3145372,Norte de Minas,Salinas
3145406,Zona da Mata,Juiz de Fora
3145505,Sul/sudoeste de Minas,São Lourenço
3145604,Oeste de Minas,Oliveira
3145703,Zona da Mata,Juiz de Fora
3145802,Metropolitana de Belo Horizonte,Pará de Minas
3145851,Zona da Mata,Ponte Nova
3145877,Zona da Mata,Muriaé
3145901,Metropolitana de Belo Horizonte,Conselheiro Lafaiete
3146008,Sul/sudoeste de Minas,Poços de Caldas
3146107,Metropolitana de Belo Horizonte,Ouro Preto
3146206,Vale do Mucuri,Teófilo Otoni
3146255,Norte de Minas,Grão Mogol
3146305,Jequitinhonha,Araçuaí
3146552,Norte de Minas,Janaúba
3146404,Central Mineira,Três Marias
3146503,Oeste de Minas,Formiga
3146602,Zona da Mata,Juiz de Fora
3146701,Zona da Mata,Cataguases
3146750,Jequitinhonha,Almenara
3146909,Metropolitana de Belo Horizonte,Sete Lagoas
3147105,Metropolitana de Belo Horizonte,Pará de Minas
3147006,Noroeste de Minas,Paracatu
3147204,Sul/sudoeste de Minas,Alfenas
3147303,Sul/sudoeste de Minas,Itajubá
3147402,Metropolitana de Belo Horizonte,Sete Lagoas
3147600,Sul/sudoeste de Minas,São Lourenço
3147709,Oeste de Minas,Oliveira
3147501,Metropolitana de Belo Horizonte,Conceição do Mato Dentro
3147907,Sul/sudoeste de Minas,Passos
3147956,Norte de Minas,Montes Claros
3148004,Triângulo Mineiro/alto Paranaíba,Patos de Minas
3148103,Triângulo Mineiro/alto Paranaíba,Patrocínio
3148202,Zona da Mata,Muriaé
3148301,Zona da Mata,Viçosa
3148400,Vale do Rio Doce,Guanhães
3148509,Vale do Mucuri,Teófilo Otoni
3148608,Vale do Rio Doce,Peçanha
3148707,Jequitinhonha,Pedra Azul
3148756,Zona da Mata,Manhuaçu
3148806,Zona da Mata,Viçosa
3148905,Oeste de Minas,Formiga
3149002,Zona da Mata,Muriaé
3149101,Sul/sudoeste de Minas,Santa Rita do Sapucaí
3149150,Norte de Minas,Januária
3149200,Triângulo Mineiro/alto Paranaíba,Araxá
3157252,Vale do Rio Doce,Caratinga
3157278,Zona da Mata,Juiz de Fora
3157302,Campo das Vertentes,Barbacena
3157336,Campo das Vertentes,São João Del Rei
3157377,Norte de Minas,Salinas
3157401,Zona da Mata,Ponte Nova
3157500,Vale do Rio Doce,Guanhães
3157609,Norte de Minas,Pirapora
3157658,Vale do Mucuri,Nanuque
3157708,Triângulo Mineiro/alto Paranaíba,Araxá
3157807,Metropolitana de Belo Horizonte,Belo Horizonte
3157906,Zona da Mata,Manhuaçu
3158003,Metropolitana de Belo Horizonte,Itabira
3158102,Jequitinhonha,Almenara
3158201,Vale do Rio Doce,Peçanha
3159209,Sul/sudoeste de Minas,Poços de Caldas
3159407,Zona da Mata,Juiz de Fora
3159308,Zona da Mata,Juiz de Fora
3159357,Vale do Rio Doce,Caratinga
3159506,Vale do Rio Doce,Aimorés
3159605,Sul/sudoeste de Minas,Santa Rita do Sapucaí
3159704,Triângulo Mineiro/alto Paranaíba,Patos de Minas
3159803,Triângulo Mineiro/alto Paranaíba,Ituiutaba
3158300,Sul/sudoeste de Minas,Varginha
3158409,Zona da Mata,Cataguases
3158508,Metropolitana de Belo Horizonte,Sete Lagoas
3158607,Zona da Mata,Juiz de Fora
3158706,Campo das Vertentes,São João Del Rei
3158805,Oeste de Minas,Campo Belo
3158904,Zona da Mata,Manhuaçu
3158953,Vale do Rio Doce,Ipatinga
3159001,Metropolitana de Belo Horizonte,Sete Lagoas
3159100,Metropolitana de Belo Horizonte,Conselheiro Lafaiete
3159902,Oeste de Minas,Oliveira
3160009,Zona da Mata,Cataguases
3160108,Zona da Mata,Ponte Nova
3160207,Metropolitana de Belo Horizonte,Conceição do Mato Dentro
3160306,Jequitinhonha,Almenara
3160405,Oeste de Minas,Divinópolis
3160454,Norte de Minas,Salinas
3160504,Metropolitana de Belo Horizonte,Conceição do Mato Dentro
3160603,Central Mineira,Curvelo
3160702,Zona da Mata,Juiz de Fora
3160801,Sul/sudoeste de Minas,Varginha
3160900,Metropolitana de Belo Horizonte,Conselheiro Lafaiete
3160959,Vale do Rio Doce,Caratinga
3161007,Metropolitana de Belo Horizonte,Itabira
3161056,Vale do Rio Doce,Mantena
3161106,Norte de Minas,Januária
3161205,Oeste de Minas,Oliveira
3161304,Triângulo Mineiro/alto Paranaíba,Frutal
3161403,Zona da Mata,Muriaé
3161502,Zona da Mata,Ubá
3161601,Vale do Rio Doce,Governador Valadares
3161650,Vale do Rio Doce,Governador Valadares
3161700,Noroeste de Minas,Paracatu
3161809,Oeste de Minas,Divinópolis
3161908,Metropolitana de Belo Horizonte,Itabira
3125507,Jequitinhonha,Diamantina
3162005,Sul/sudoeste de Minas,Santa Rita do Sapucaí
3162104,Triângulo Mineiro/alto Paranaíba,Patos de Minas
3162203,Sul/sudoeste de Minas,Passos
3162252,Norte de Minas,Montes Claros
3162302,Sul/sudoeste de Minas,Santa Rita do Sapucaí
3162401,Norte de Minas,Montes Claros
3162450,Norte de Minas,Januária
3162500,Campo das Vertentes,São João Del Rei
3162559,Zona da Mata,Manhuaçu
3162575,Vale do Rio Doce,Mantena
3162609,Vale do Rio Doce,Caratinga
3162658,Norte de Minas,Montes Claros
3162708,Norte de Minas,Salinas
3162807,Vale do Rio Doce,Guanhães
3162906,Zona da Mata,Juiz de Fora
3162922,Metropolitana de Belo Horizonte,Belo Horizonte
3162948,Sul/sudoeste de Minas,Passos
3162955,Metropolitana de Belo Horizonte,Belo Horizonte
3163003,Vale do Rio Doce,Governador Valadares
3163102,Metropolitana de Belo Horizonte,Pará de Minas
3151206,Norte de Minas,Pirapora
3151305,Zona da Mata,Ubá
3151404,Metropolitana de Belo Horizonte,Pará de Minas
3151503,Oeste de Minas,Piuí
3151602,Triângulo Mineiro/alto Paranaíba,Frutal
3151701,Sul/sudoeste de Minas,Alfenas
3151800,Sul/sudoeste de Minas,Poços de Caldas
3151909,Vale do Rio Doce,Aimorés
3152006,Central Mineira,Três Marias
3152105,Zona da Mata,Ponte Nova
3152131,Norte de Minas,Montes Claros
3152170,Jequitinhonha,Araçuaí
3152204,Norte de Minas,Janaúba
3152303,Zona da Mata,Viçosa
3152402,Vale do Mucuri,Teófilo Otoni
3152501,Sul/sudoeste de Minas,Pouso Alegre
3152600,Sul/sudoeste de Minas,São Lourenço
3152709,Campo das Vertentes,São João Del Rei
3152808,Triângulo Mineiro/alto Paranaíba,Uberlândia
3152907,Sul/sudoeste de Minas,Passos
3153004,Triângulo Mineiro/alto Paranaíba,Araxá
3153103,Zona da Mata,Viçosa
3153202,Central Mineira,Curvelo
3153301,Jequitinhonha,Diamantina
3153400,Noroeste de Minas,Paracatu
3153608,Metropolitana de Belo Horizonte,Sete Lagoas
3153707,Central Mineira,Bom Despacho
3153806,Metropolitana de Belo Horizonte,Conselheiro Lafaiete
3153905,Metropolitana de Belo Horizonte,Belo Horizonte
3154002,Zona da Mata,Ponte Nova
3154101,Zona da Mata,Cataguases
3154150,Zona da Mata,Manhuaçu
3154200,Campo das Vertentes,São João Del Rei
3154309,Vale do Rio Doce,Aimorés
3154408,Campo das Vertentes,Barbacena
3154457,Norte de Minas,Pirapora
3154507,Norte de Minas,Janaúba
3154606,Metropolitana de Belo Horizonte,Belo Horizonte
3154705,Campo das Vertentes,Lavras
3154804,Metropolitana de Belo Horizonte,Belo Horizonte
3154903,Zona da Mata,Ponte Nova
3155108,Jequitinhonha,Almenara
3155009,Zona da Mata,Ponte Nova
3155207,Zona da Mata,Viçosa
3155306,Metropolitana de Belo Horizonte,Itaguara
3155405,Zona da Mata,Juiz de Fora
3155504,Triângulo Mineiro/alto Paranaíba,Patos de Minas
3155603,Norte de Minas,Salinas
3155702,Metropolitana de Belo Horizonte,Itabira
3155801,Zona da Mata,Ubá
3155900,Zona da Mata,Juiz de Fora
3156007,Metropolitana de Belo Horizonte,Conceição do Mato Dentro
3156106,Campo das Vertentes,São João Del Rei
3156205,Zona da Mata,Juiz de Fora
3156304,Zona da Mata,Ubá
3156403,Triângulo Mineiro/alto Paranaíba,Patrocínio
3156452,Zona da Mata,Muriaé
3156502,Norte de Minas,Salinas
3156601,Jequitinhonha,Almenara
3156700,Metropolitana de Belo Horizonte,Belo Horizonte
3156809,Vale do Rio Doce,Guanhães
3156908,Triângulo Mineiro/alto Paranaíba,Araxá
3157005,Norte de Minas,Salinas
3157104,Jequitinhonha,Almenara
3157203,Metropolitana de Belo Horizonte,Itabira
5003801,Sudoeste de Mato Grosso do Sul,Dourados
5003900,Centro Norte de Mato Grosso do Sul,Alto Taquari
5004007,Sudoeste de Mato Grosso do Sul,Iguatemi
5004106,Sudoeste de Mato Grosso do Sul,Bodoquena
5004304,Sudoeste de Mato Grosso do Sul,Iguatemi
5004403,Leste de Mato Grosso do Sul,Paranaíba
5004502,Sudoeste de Mato Grosso do Sul,Dourados
5004601,Sudoeste de Mato Grosso do Sul,Iguatemi
5004700,Sudoeste de Mato Grosso do Sul,Iguatemi
5004809,Sudoeste de Mato Grosso do Sul,Iguatemi
5004908,Centro Norte de Mato Grosso do Sul,Campo Grande
5005004,Sudoeste de Mato Grosso do Sul,Bodoquena
5005103,Sudoeste de Mato Grosso do Sul,Iguatemi
5005152,Sudoeste de Mato Grosso do Sul,Dourados
5005202,Pantanais Sul Mato-Grossense,Baixo Pantanal
5005251,Sudoeste de Mato Grosso do Sul,Dourados
5005400,Sudoeste de Mato Grosso do Sul,Dourados
5005608,Pantanais Sul Mato-Grossense,Aquidauana
5005681,Sudoeste de Mato Grosso do Sul,Iguatemi
5005707,Sudoeste de Mato Grosso do Sul,Iguatemi
5005806,Sudoeste de Mato Grosso do Sul,Bodoquena
5006002,Sudoeste de Mato Grosso do Sul,Dourados
3163201,Sul/sudoeste de Minas,Santa Rita do Sapucaí
3163300,Vale do Rio Doce,Governador Valadares
3163409,Metropolitana de Belo Horizonte,Itabira
3163508,Vale do Rio Doce,Peçanha
3163607,Zona da Mata,Manhuaçu
3163706,Sul/sudoeste de Minas,São Lourenço
3163805,Zona da Mata,Viçosa
3163904,Sul/sudoeste de Minas,São Sebastião do Paraíso
3164100,Vale do Rio Doce,Peçanha
3164001,Zona da Mata,Ponte Nova
3164209,Norte de Minas,Pirapora
3164308,Oeste de Minas,Piuí
3164407,Sul/sudoeste de Minas,Santa Rita do Sapucaí
3164431,Zona da Mata,Muriaé
3164472,Vale do Rio Doce,Caratinga
3164506,Vale do Rio Doce,Peçanha
3164605,Oeste de Minas,Divinópolis
3164704,Sul/sudoeste de Minas,São Sebastião do Paraíso
3164803,Metropolitana de Belo Horizonte,Conceição do Mato Dentro
3164902,Sul/sudoeste de Minas,São Lourenço
3165206,Sul/sudoeste de Minas,Varginha
3165008,Campo das Vertentes,São João Del Rei
3165107,Sul/sudoeste de Minas,São Sebastião do Paraíso
3165305,Sul/sudoeste de Minas,Andrelândia
3165404,Sul/sudoeste de Minas,Pouso Alegre
3165503,Vale do Rio Doce,Guanhães
3165537,Metropolitana de Belo Horizonte,Belo Horizonte
3165560,Zona da Mata,Ponte Nova
3165578,Sul/sudoeste de Minas,Pouso Alegre
3165602,Zona da Mata,Juiz de Fora
3165701,Zona da Mata,Ubá
3165800,Sul/sudoeste de Minas,Pouso Alegre
3165909,Jequitinhonha,Diamantina
3166006,Zona da Mata,Viçosa
3166105,Vale do Rio Doce,Guanhães
3166204,Campo das Vertentes,Barbacena
3166303,Zona da Mata,Ponte Nova
3166402,Sul/sudoeste de Minas,Andrelândia
3166501,Metropolitana de Belo Horizonte,Conceição do Mato Dentro
3166600,Central Mineira,Bom Despacho
3166808,Triângulo Mineiro/alto Paranaíba,Patrocínio
3166709,Vale do Mucuri,Nanuque
3166907,Sul/sudoeste de Minas,Alfenas
3166956,Norte de Minas,Janaúba
3167004,Sul/sudoeste de Minas,Andrelândia
3167103,Metropolitana de Belo Horizonte,Conceição do Mato Dentro
3167202,Metropolitana de Belo Horizonte,Sete Lagoas
3165552,Vale do Mucuri,Teófilo Otoni
3167301,Zona da Mata,Ubá
3167400,Sul/sudoeste de Minas,Santa Rita do Sapucaí
3167509,Zona da Mata,Juiz de Fora
3167608,Zona da Mata,Manhuaçu
3167707,Vale do Rio Doce,Governador Valadares
3167806,Sul/sudoeste de Minas,São Lourenço
3167905,Zona da Mata,Ubá
3168002,Norte de Minas,Salinas
3168051,Vale do Rio Doce,Aimorés
3168101,Triângulo Mineiro/alto Paranaíba,Araxá
3168200,Oeste de Minas,Piuí
3168309,Metropolitana de Belo Horizonte,Itabira
3168408,Vale do Rio Doce,Caratinga
3168507,Zona da Mata,Viçosa
3168606,Vale do Mucuri,Teófilo Otoni
3168705,Vale do Rio Doce,Ipatinga
3168804,Campo das Vertentes,São João Del Rei
3168903,Triângulo Mineiro/alto Paranaíba,Patos de Minas
3169000,Zona da Mata,Ubá
3169059,Sul/sudoeste de Minas,Pouso Alegre
3169109,Sul/sudoeste de Minas,Pouso Alegre
3169208,Zona da Mata,Muriaé
3169307,Sul/sudoeste de Minas,Varginha
3169356,Central Mineira,Três Marias
3169406,Sul/sudoeste de Minas,Varginha
3169505,Vale do Rio Doce,Governador Valadares
3169604,Triângulo Mineiro/alto Paranaíba,Uberlândia
3169703,Jequitinhonha,Capelinha
3169802,Sul/sudoeste de Minas,Santa Rita do Sapucaí
3169901,Zona da Mata,Ubá
3170008,Norte de Minas,Montes Claros
3170057,Vale do Rio Doce,Caratinga
3170107,Triângulo Mineiro/alto Paranaíba,Uberaba
3170206,Triângulo Mineiro/alto Paranaíba,Uberlândia
3170305,Vale do Mucuri,Nanuque
3170404,Noroeste de Minas,Unaí
3170438,Triângulo Mineiro/alto Paranaíba,Frutal
3170479,Noroeste de Minas,Unaí
3170503,Zona da Mata,Ponte Nova
3170529,Norte de Minas,Januária
3170578,Vale do Rio Doce,Caratinga
3170602,Oeste de Minas,Piuí
3170651,Norte de Minas,Salinas
3170701,Sul/sudoeste de Minas,Varginha
3170750,Noroeste de Minas,Paracatu
3170800,Norte de Minas,Pirapora
3170909,Norte de Minas,Montes Claros
3171006,Noroeste de Minas,Paracatu
3171030,Norte de Minas,Montes Claros
3171071,Jequitinhonha,Capelinha
3171105,Triângulo Mineiro/alto Paranaíba,Uberaba
3171154,Zona da Mata,Ponte Nova
3171204,Metropolitana de Belo Horizonte,Belo Horizonte
3171303,Zona da Mata,Viçosa
3171402,Zona da Mata,Muriaé
3171600,Jequitinhonha,Araçuaí
3171709,Sul/sudoeste de Minas,Itajubá
3171808,Vale do Rio Doce,Guanhães
3171907,Vale do Rio Doce,Governador Valadares
3172004,Zona da Mata,Ubá
3172103,Zona da Mata,Cataguases
3172202,Sul/sudoeste de Minas,Itajubá
5000203,Leste de Mato Grosso do Sul,Três Lagoas
5000252,Centro Norte de Mato Grosso do Sul,Alto Taquari
5000609,Sudoeste de Mato Grosso do Sul,Dourados
5000708,Pantanais Sul Mato-Grossense,Aquidauana
5000807,Leste de Mato Grosso do Sul,Nova Andradina
5000856,Sudoeste de Mato Grosso do Sul,Iguatemi
5000906,Sudoeste de Mato Grosso do Sul,Dourados
5001003,Leste de Mato Grosso do Sul,Paranaíba
5001102,Pantanais Sul Mato-Grossense,Aquidauana
5001243,Sudoeste de Mato Grosso do Sul,Dourados
5001508,Centro Norte de Mato Grosso do Sul,Campo Grande
5001904,Leste de Mato Grosso do Sul,Nova Andradina
5002001,Leste de Mato Grosso do Sul,Nova Andradina
5002100,Sudoeste de Mato Grosso do Sul,Bodoquena
5002159,Sudoeste de Mato Grosso do Sul,Bodoquena
5002209,Sudoeste de Mato Grosso do Sul,Bodoquena
5002308,Leste de Mato Grosso do Sul,Três Lagoas
5002407,Sudoeste de Mato Grosso do Sul,Dourados
5002605,Centro Norte de Mato Grosso do Sul,Alto Taquari
5002704,Centro Norte de Mato Grosso do Sul,Campo Grande
5002803,Sudoeste de Mato Grosso do Sul,Bodoquena
5002902,Leste de Mato Grosso do Sul,Cassilândia
5002951,Leste de Mato Grosso do Sul,Cassilândia
5003108,Centro Norte de Mato Grosso do Sul,Campo Grande
5003157,Sudoeste de Mato Grosso do Sul,Iguatemi
5003207,Pantanais Sul Mato-Grossense,Baixo Pantanal
5003256,Leste de Mato Grosso do Sul,Cassilândia
5003306,Centro Norte de Mato Grosso do Sul,Alto Taquari
5003454,Sudoeste de Mato Grosso do Sul,Iguatemi
5003488,Pantanais Sul Mato-Grossense,Aquidauana
5003504,Sudoeste de Mato Grosso do Sul,Dourados
5003702,Sudoeste de Mato Grosso do Sul,Dourados
5003751,Sudoeste de Mato Grosso do Sul,Iguatemi
5103403,Centro-Sul Mato-Grossense,Cuiabá
5103437,Centro-Sul Mato-Grossense,Alto Pantanal
5103452,Sudoeste Mato-Grossense,Tangará da Serra
5103502,Norte Mato-Grossense,Parecis
5103601,Sudeste Mato-Grossense,Rondonópolis
5103700,Norte Mato-Grossense,Sinop
5103858,Norte Mato-Grossense,Paranatinga
5103908,Sudeste Mato-Grossense,Tesouro
5104104,Norte Mato-Grossense,Colíder
5104203,Sudeste Mato-Grossense,Tesouro
5104500,Sudoeste Mato-Grossense,Jauru
5104526,Norte Mato-Grossense,Alto Teles Pires
5104542,Norte Mato-Grossense,Alto Teles Pires
5104559,Norte Mato-Grossense,Sinop
5104609,Sudeste Mato-Grossense,Rondonópolis
5104807,Sudeste Mato-Grossense,Rondonópolis
5104906,Centro-Sul Mato-Grossense,Rosário Oeste
5105002,Sudoeste Mato-Grossense,Jauru
5105101,Norte Mato-Grossense,Arinos
5105150,Norte Mato-Grossense,Aripuanã
5105176,Norte Mato-Grossense,Aripuanã
5105200,Sudeste Mato-Grossense,Rondonópolis
5105259,Norte Mato-Grossense,Alto Teles Pires
5105309,Nordeste Mato-Grossense,Norte Araguaia
5105580,Norte Mato-Grossense,Sinop
5105606,Norte Mato-Grossense,Colíder
5105903,Norte Mato-Grossense,Alto Teles Pires
5106000,Centro-Sul Mato-Grossense,Alto Paraguai
5106109,Centro-Sul Mato-Grossense,Cuiabá
5106158,Norte Mato-Grossense,Alta Floresta
5106208,Norte Mato-Grossense,Paranatinga
5106216,Norte Mato-Grossense,Colíder
5108808,Norte Mato-Grossense,Colíder
5106182,Sudoeste Mato-Grossense,Alto Guaporé
5108857,Centro-Sul Mato-Grossense,Alto Paraguai
5108907,Norte Mato-Grossense,Arinos
5108956,Norte Mato-Grossense,Alta Floresta
5106224,Norte Mato-Grossense,Alto Teles Pires
5106174,Nordeste Mato-Grossense,Canarana
5106232,Sudoeste Mato-Grossense,Tangará da Serra
5106190,Norte Mato-Grossense,Sinop
5106240,Norte Mato-Grossense,Alto Teles Pires
5106257,Nordeste Mato-Grossense,Canarana
5106273,Norte Mato-Grossense,Arinos
5106265,Norte Mato-Grossense,Colíder
5106315,Nordeste Mato-Grossense,Médio Araguaia
5106281,Nordeste Mato-Grossense,Canarana
5106299,Norte Mato-Grossense,Alta Floresta
5106307,Norte Mato-Grossense,Paranatinga
5106372,Sudeste Mato-Grossense,Rondonópolis
5106422,Norte Mato-Grossense,Colíder
5106455,Norte Mato-Grossense,Paranatinga
5106505,Centro-Sul Mato-Grossense,Alto Pantanal
5106653,Sudeste Mato-Grossense,Tesouro
5106703,Sudeste Mato-Grossense,Tesouro
5106752,Sudoeste Mato-Grossense,Alto Guaporé
5106778,Nordeste Mato-Grossense,Norte Araguaia
5106802,Norte Mato-Grossense,Arinos
5106828,Sudoeste Mato-Grossense,Jauru
5106851,Sudoeste Mato-Grossense,Tangará da Serra
5107040,Sudeste Mato-Grossense,Primavera do Leste
5107065,Nordeste Mato-Grossense,Canarana
5107156,Sudoeste Mato-Grossense,Jauru
5107180,Nordeste Mato-Grossense,Norte Araguaia
5107198,Sudeste Mato-Grossense,Tesouro
5107206,Sudoeste Mato-Grossense,Jauru
5107578,Norte Mato-Grossense,Aripuanã
5107602,Sudeste Mato-Grossense,Rondonópolis
5107701,Centro-Sul Mato-Grossense,Rosário Oeste
5107750,Sudoeste Mato-Grossense,Jauru
5107248,Norte Mato-Grossense,Sinop
5107743,Nordeste Mato-Grossense,Norte Araguaia
5107768,Norte Mato-Grossense,Alto Teles Pires
5107776,Nordeste Mato-Grossense,Norte Araguaia
5107263,Centro-Sul Mato-Grossense,Alto Paraguai
5107792,Nordeste Mato-Grossense,Canarana
5107800,Centro-Sul Mato-Grossense,Cuiabá
5107859,Nordeste Mato-Grossense,Norte Araguaia
5107297,Sudeste Mato-Grossense,Rondonópolis
5107305,Norte Mato-Grossense,Arinos
5107354,Nordeste Mato-Grossense,Norte Araguaia
5107107,Sudoeste Mato-Grossense,Jauru
5107404,Sudeste Mato-Grossense,Rondonópolis
5107875,Norte Mato-Grossense,Parecis
5006200,Leste de Mato Grosso do Sul,Nova Andradina
5006259,Sudoeste de Mato Grosso do Sul,Iguatemi
5006309,Leste de Mato Grosso do Sul,Paranaíba
5006358,Sudoeste de Mato Grosso do Sul,Iguatemi
5006408,Centro Norte de Mato Grosso do Sul,Alto Taquari
5006606,Sudoeste de Mato Grosso do Sul,Dourados
5006903,Pantanais Sul Mato-Grossense,Baixo Pantanal
5007109,Leste de Mato Grosso do Sul,Três Lagoas
5007208,Sudoeste de Mato Grosso do Sul,Dourados
5007307,Centro Norte de Mato Grosso do Sul,Campo Grande
5007406,Centro Norte de Mato Grosso do Sul,Alto Taquari
5007505,Centro Norte de Mato Grosso do Sul,Campo Grande
5007554,Leste de Mato Grosso do Sul,Três Lagoas
5007695,Centro Norte de Mato Grosso do Sul,Alto Taquari
5007802,Leste de Mato Grosso do Sul,Paranaíba
5007703,Sudoeste de Mato Grosso do Sul,Iguatemi
5007901,Centro Norte de Mato Grosso do Sul,Campo Grande
5007935,Centro Norte de Mato Grosso do Sul,Alto Taquari
5007950,Sudoeste de Mato Grosso do Sul,Iguatemi
5007976,Leste de Mato Grosso do Sul,Nova Andradina
5008008,Centro Norte de Mato Grosso do Sul,Campo Grande
5008305,Leste de Mato Grosso do Sul,Três Lagoas
5008404,Sudoeste de Mato Grosso do Sul,Dourados
5100102,Centro-Sul Mato-Grossense,Rosário Oeste
5100201,Nordeste Mato-Grossense,Canarana
5100250,Norte Mato-Grossense,Alta Floresta
5100300,Sudeste Mato-Grossense,Alto Araguaia
5100359,Nordeste Mato-Grossense,Norte Araguaia
5100409,Sudeste Mato-Grossense,Alto Araguaia
5100508,Centro-Sul Mato-Grossense,Alto Paraguai
5100607,Sudeste Mato-Grossense,Alto Araguaia
5100805,Norte Mato-Grossense,Alta Floresta
5101001,Nordeste Mato-Grossense,Médio Araguaia
5101209,Sudeste Mato-Grossense,Tesouro
5101258,Sudoeste Mato-Grossense,Jauru
5101308,Centro-Sul Mato-Grossense,Alto Paraguai
5101407,Norte Mato-Grossense,Aripuanã
5101605,Centro-Sul Mato-Grossense,Alto Pantanal
5101704,Sudoeste Mato-Grossense,Tangará da Serra
5101803,Nordeste Mato-Grossense,Médio Araguaia
5101852,Nordeste Mato-Grossense,Norte Araguaia
5101902,Norte Mato-Grossense,Aripuanã
5102504,Centro-Sul Mato-Grossense,Alto Pantanal
5102603,Nordeste Mato-Grossense,Canarana
5102637,Norte Mato-Grossense,Parecis
5102678,Sudeste Mato-Grossense,Primavera do Leste
5102686,Norte Mato-Grossense,Parecis
5102694,Nordeste Mato-Grossense,Norte Araguaia
5102702,Nordeste Mato-Grossense,Canarana
5102793,Norte Mato-Grossense,Alta Floresta
5102850,Norte Mato-Grossense,Aripuanã
5103007,Centro-Sul Mato-Grossense,Cuiabá
5103056,Norte Mato-Grossense,Sinop
5103106,Nordeste Mato-Grossense,Médio Araguaia
5103205,Norte Mato-Grossense,Colíder
5103254,Norte Mato-Grossense,Aripuanã
5103304,Norte Mato-Grossense,Parecis
5103353,Nordeste Mato-Grossense,Norte Araguaia
5103379,Norte Mato-Grossense,Aripuanã
2500304,Agreste Paraibano,Brejo Paraibano
2500403,Agreste Paraibano,Brejo Paraibano
2500502,Agreste Paraibano,Guarabira
2500536,Borborema,Cariri Oriental
2500577,Agreste Paraibano,Curimataú Ocidental
2500601,Mata Paraibana,Litoral Sul
2500734,Borborema,Cariri Ocidental
2500775,Sertão Paraibano,Sousa
2500809,Agreste Paraibano,Guarabira
2500908,Agreste Paraibano,Curimataú Ocidental
2501005,Agreste Paraibano,Curimataú Oriental
2501104,Agreste Paraibano,Brejo Paraibano
2501153,Sertão Paraibano,Patos
2501203,Agreste Paraibano,Esperança
2501302,Agreste Paraibano,Umbuzeiro
2501351,Borborema,Cariri Ocidental
2501401,Mata Paraibana,Litoral Norte
2501500,Agreste Paraibano,Brejo Paraibano
2501534,Borborema,Seridó Oriental Paraibano
2501609,Agreste Paraibano,Curimataú Ocidental
2501575,Borborema,Cariri Oriental
2501708,Borborema,Cariri Oriental
2501807,Mata Paraibana,João Pessoa
2501906,Agreste Paraibano,Guarabira
5107883,Nordeste Mato-Grossense,Norte Araguaia
5107909,Norte Mato-Grossense,Sinop
5107925,Norte Mato-Grossense,Alto Teles Pires
5107941,Norte Mato-Grossense,Arinos
5107958,Sudoeste Mato-Grossense,Tangará da Serra
5108006,Norte Mato-Grossense,Alto Teles Pires
5108055,Norte Mato-Grossense,Colíder
5108105,Sudeste Mato-Grossense,Tesouro
5108204,Sudeste Mato-Grossense,Tesouro
5108303,Norte Mato-Grossense,Sinop
5108352,Sudoeste Mato-Grossense,Alto Guaporé
5108402,Centro-Sul Mato-Grossense,Cuiabá
5108501,Norte Mato-Grossense,Sinop
5105507,Sudoeste Mato-Grossense,Alto Guaporé
5108600,Nordeste Mato-Grossense,Norte Araguaia
1500107,Nordeste Paraense,Cametá
1500131,Sudeste Paraense,Paragominas
1500206,Nordeste Paraense,Tomé-Açu
1500305,Marajó,Furos de Breves
1500347,Sudeste Paraense,Parauapebas
1500404,Baixo Amazonas,Santarém
1500503,Baixo Amazonas,Almeirim
1500602,Sudoeste Paraense,Altamira
1500701,Marajó,Furos de Breves
1500800,Metropolitana de Belém,Belém
1500859,Sudoeste Paraense,Altamira
1500909,Nordeste Paraense,Bragantina
1500958,Nordeste Paraense,Guamá
1501006,Sudoeste Paraense,Itaituba
1501105,Marajó,Portel
1501204,Nordeste Paraense,Cametá
1501253,Sudeste Paraense,São Félix do Xingu
1501303,Metropolitana de Belém,Belém
1501402,Metropolitana de Belém,Belém
1501451,Baixo Amazonas,Santarém
1501501,Metropolitana de Belém,Belém
1501576,Sudeste Paraense,Paragominas
1501600,Nordeste Paraense,Bragantina
1501709,Nordeste Paraense,Bragantina
1501725,Sudoeste Paraense,Altamira
1501758,Sudeste Paraense,Marabá
1501782,Sudeste Paraense,Tucuruí
1501808,Marajó,Furos de Breves
1501907,Metropolitana de Belém,Castanhal
1502004,Marajó,Arari
1501956,Nordeste Paraense,Guamá
1502103,Nordeste Paraense,Cametá
1502152,Sudeste Paraense,Parauapebas
1502202,Nordeste Paraense,Bragantina
1502301,Nordeste Paraense,Guamá
1502400,Metropolitana de Belém,Castanhal
1502509,Marajó,Arari
1502608,Nordeste Paraense,Salgado
1502707,Sudeste Paraense,Conceição do Araguaia
1502756,Nordeste Paraense,Tomé-Açu
1502764,Sudeste Paraense,São Félix do Xingu
1502772,Sudeste Paraense,Parauapebas
1502806,Marajó,Furos de Breves
1502855,Baixo Amazonas,Santarém
1502905,Nordeste Paraense,Salgado
1502939,Sudeste Paraense,Paragominas
1503002,Baixo Amazonas,Óbidos
1503044,Sudeste Paraense,Conceição do Araguaia
1503077,Nordeste Paraense,Guamá
1503093,Sudeste Paraense,Paragominas
1503101,Marajó,Portel
1503200,Nordeste Paraense,Bragantina
1503309,Nordeste Paraense,Cametá
1503408,Metropolitana de Belém,Castanhal
1503457,Nordeste Paraense,Guamá
1503507,Nordeste Paraense,Guamá
1503606,Sudoeste Paraense,Itaituba
1503705,Sudeste Paraense,Tucuruí
1503754,Sudoeste Paraense,Itaituba
1503804,Sudeste Paraense,Tucuruí
1503903,Baixo Amazonas,Óbidos
1504000,Nordeste Paraense,Cametá
1504059,Nordeste Paraense,Guamá
1504109,Nordeste Paraense,Salgado
1504208,Sudeste Paraense,Marabá
1504307,Nordeste Paraense,Salgado
1504406,Nordeste Paraense,Salgado
1504422,Metropolitana de Belém,Belém
1504455,Sudoeste Paraense,Altamira
1504505,Marajó,Portel
1504604,Nordeste Paraense,Cametá
1504703,Nordeste Paraense,Tomé-Açu
1504802,Baixo Amazonas,Santarém
1504901,Marajó,Arari
1504950,Nordeste Paraense,Guamá
1504976,Sudeste Paraense,Tucuruí
1505007,Nordeste Paraense,Bragantina
1505031,Sudoeste Paraense,Itaituba
1505064,Sudeste Paraense,Tucuruí
1505106,Baixo Amazonas,Óbidos
1505205,Nordeste Paraense,Cametá
1505304,Baixo Amazonas,Óbidos
1505403,Nordeste Paraense,Guamá
1505437,Sudeste Paraense,São Félix do Xingu
1505486,Sudoeste Paraense,Altamira
1505494,Sudeste Paraense,Marabá
1505502,Sudeste Paraense,Paragominas
1505536,Sudeste Paraense,Parauapebas
1505601,Nordeste Paraense,Bragantina
1505635,Sudeste Paraense,Redenção
1505650,Baixo Amazonas,Santarém
1505700,Marajó,Arari
1505809,Marajó,Portel
1505908,Baixo Amazonas,Almeirim
1506005,Baixo Amazonas,Santarém
1506104,Nordeste Paraense,Bragantina
1506112,Nordeste Paraense,Bragantina
1506138,Sudeste Paraense,Redenção
1506161,Sudeste Paraense,Redenção
1506187,Sudeste Paraense,Paragominas
1506195,Sudoeste Paraense,Itaituba
1506203,Nordeste Paraense,Salgado
1506302,Marajó,Arari
1506351,Metropolitana de Belém,Belém
1506401,Marajó,Arari
1506559,Nordeste Paraense,Guamá
1506583,Sudeste Paraense,Conceição do Araguaia
1506609,Nordeste Paraense,Bragantina
1506708,Sudeste Paraense,Conceição do Araguaia
1506807,Baixo Amazonas,Santarém
1506906,Nordeste Paraense,Bragantina
1507003,Metropolitana de Belém,Castanhal
1507102,Nordeste Paraense,Salgado
1507151,Sudeste Paraense,Marabá
1507201,Nordeste Paraense,Guamá
1507300,Sudeste Paraense,São Félix do Xingu
1507409,Nordeste Paraense,Bragantina
1507458,Sudeste Paraense,Redenção
1507466,Nordeste Paraense,Salgado
1507474,Nordeste Paraense,Salgado
1507508,Sudeste Paraense,Marabá
1507607,Nordeste Paraense,Guamá
1507706,Marajó,Furos de Breves
1507755,Sudeste Paraense,Redenção
1507805,Sudoeste Paraense,Altamira
1507904,Marajó,Arari
1507953,Nordeste Paraense,Tomé-Açu
1507961,Nordeste Paraense,Salgado
1507979,Baixo Amazonas,Óbidos
1508001,Nordeste Paraense,Tomé-Açu
1508035,Nordeste Paraense,Bragantina
1508050,Sudoeste Paraense,Itaituba
1508084,Sudeste Paraense,São Félix do Xingu
1508100,Sudeste Paraense,Tucuruí
1508126,Sudeste Paraense,Paragominas
1508159,Sudoeste Paraense,Altamira
1508209,Nordeste Paraense,Salgado
1508308,Nordeste Paraense,Guamá
1508357,Sudoeste Paraense,Altamira
1508407,Sudeste Paraense,Redenção
2500106,Sertão Paraibano,Serra do Teixeira
2500205,Sertão Paraibano,Piancó
3500808,Presidente Prudente,Presidente Prudente
3500907,São José do Rio Preto,São José do Rio Preto
3501004,Ribeirão Preto,Batatais
3501103,Araçatuba,Birigui
3501152,Macro Metropolitana Paulista,Sorocaba
3501202,São José do Rio Preto,Votuporanga
3501301,Presidente Prudente,Presidente Prudente
3501400,Marília,Marília
3501509,Marília,Marília
3501608,Campinas,Campinas
3501707,Araraquara,Araraquara
3501806,São José do Rio Preto,Votuporanga
3520301,Litoral Sul Paulista,Registro
3520426,Litoral Sul Paulista,Registro
3520442,Araçatuba,Andradina
3520400,Vale do Paraíba Paulista,Caraguatatuba
3520509,Campinas,Campinas
3520608,Presidente Prudente,Presidente Prudente
3520707,São José do Rio Preto,Fernandópolis
3520806,Presidente Prudente,Adamantina
3520905,Assis,Ourinhos
3521002,Macro Metropolitana Paulista,Sorocaba
3521101,Piracicaba,Rio Claro
3521150,São José do Rio Preto,São José do Rio Preto
3521200,Itapetininga,Capão Bonito
3521309,Ribeirão Preto,São Joaquim da Barra
3521408,Piracicaba,Limeira
3521507,São José do Rio Preto,Novo Horizonte
4311502,Sudoeste Rio-Grandense,Campanha Meridional
4311601,Noroeste Rio-Grandense,Frederico Westphalen
4311627,Metropolitana de Porto Alegre,Gramado-Canela
4311643,Metropolitana de Porto Alegre,Montenegro
4311718,Sudoeste Rio-Grandense,Campanha Ocidental
4311700,Noroeste Rio-Grandense,Sananduva
4311734,Metropolitana de Porto Alegre,Osório
4311759,Sudoeste Rio-Grandense,Campanha Ocidental
4311775,Metropolitana de Porto Alegre,Osório
4311791,Metropolitana de Porto Alegre,Montenegro
4311809,Noroeste Rio-Grandense,Passo Fundo
4311908,Noroeste Rio-Grandense,Erechim
4311981,Metropolitana de Porto Alegre,Porto Alegre
4312005,Noroeste Rio-Grandense,Erechim
4312054,Centro Oriental Rio-Grandense,Lajeado-Estrela
4312104,Centro Ocidental Rio-Grandense,Santa Maria
4312138,Noroeste Rio-Grandense,Passo Fundo
4312153,Centro Oriental Rio-Grandense,Santa Cruz do Sul
4312179,Noroeste Rio-Grandense,Cerro Largo
4312203,Noroeste Rio-Grandense,Sananduva
4312252,Metropolitana de Porto Alegre,São Jerônimo
4312302,Noroeste Rio-Grandense,Três Passos
4312351,Nordeste Rio-Grandense,Guaporé
4203006,Oeste Catarinense,Joaçaba
4203105,Oeste Catarinense,Chapecó
4203154,Oeste Catarinense,Joaçaba
4203204,Vale do Itajaí,Itajaí
4203303,Norte Catarinense,São Bento do Sul
4203402,Serrana,Campos de Lages
4203501,Oeste Catarinense,Chapecó
4203600,Serrana,Curitibanos
4203709,Grande Florianópolis,Tijucas
4203808,Norte Catarinense,Canoinhas
4203253,Serrana,Campos de Lages
4203907,Oeste Catarinense,Joaçaba
4203956,Sul Catarinense,Tubarão
4204004,Oeste Catarinense,Joaçaba
4204103,Oeste Catarinense,Chapecó
4204152,Serrana,Campos de Lages
4204178,Serrana,Campos de Lages
4204194,Vale do Itajaí,Ituporanga
4204202,Oeste Catarinense,Chapecó
4204251,Sul Catarinense,Criciúma
4204301,Oeste Catarinense,Concórdia
3501905,Campinas,Amparo
3502002,Araraquara,São Carlos
3502101,Araçatuba,Andradina
3502200,Itapetininga,Itapetininga
3502309,Bauru,Botucatu
3502408,Presidente Prudente,Presidente Prudente
3502507,Vale do Paraíba Paulista,Guaratinguetá
3502705,Itapetininga,Capão Bonito
3502754,Macro Metropolitana Paulista,Sorocaba
3502804,Araçatuba,Araçatuba
3502903,Macro Metropolitana Paulista,Sorocaba
3503000,Ribeirão Preto,Ituverava
3503109,Bauru,Avaré
3521606,Presidente Prudente,Adamantina
3521705,Itapetininga,Itapeva
3521804,Bauru,Avaré
3521903,São José do Rio Preto,Novo Horizonte
3522000,Bauru,Jaú
3522109,Litoral Sul Paulista,Itanhaém
3522158,Itapetininga,Capão Bonito
3522208,Metropolitana de São Paulo,Itapecerica da Serra
3522307,Itapetininga,Itapetininga
3522406,Itapetininga,Itapeva
3522505,Metropolitana de São Paulo,Osasco
3522604,Campinas,Moji-Mirim
3522653,Itapetininga,Capão Bonito
4312377,Nordeste Rio-Grandense,Vacaria
4312385,Nordeste Rio-Grandense,Caxias do Sul
4312401,Metropolitana de Porto Alegre,Montenegro
4312427,Noroeste Rio-Grandense,Soledade
4312443,Metropolitana de Porto Alegre,Osório
4312450,Sudeste Rio-Grandense,Pelotas
4312476,Metropolitana de Porto Alegre,Gramado-Canela
4312500,Metropolitana de Porto Alegre,Osório
4312609,Centro Oriental Rio-Grandense,Lajeado-Estrela
4312617,Nordeste Rio-Grandense,Vacaria
4312625,Noroeste Rio-Grandense,Passo Fundo
4312658,Noroeste Rio-Grandense,Não-Me-Toque
4312674,Noroeste Rio-Grandense,Passo Fundo
4312708,Noroeste Rio-Grandense,Frederico Westphalen
4312757,Nordeste Rio-Grandense,Guaporé
4312807,Nordeste Rio-Grandense,Guaporé
4312906,Nordeste Rio-Grandense,Guaporé
4312955,Noroeste Rio-Grandense,Carazinho
4313003,Centro Oriental Rio-Grandense,Lajeado-Estrela
4313011,Noroeste Rio-Grandense,Três Passos
4313037,Centro Ocidental Rio-Grandense,Santa Maria
4204350,Oeste Catarinense,Chapecó
4204400,Oeste Catarinense,Chapecó
4204459,Oeste Catarinense,Xanxerê
4204558,Serrana,Campos de Lages
4204509,Norte Catarinense,Joinville
4204608,Sul Catarinense,Criciúma
4204707,Oeste Catarinense,Chapecó
4204756,Oeste Catarinense,Chapecó
4204806,Serrana,Curitibanos
4204905,Oeste Catarinense,São Miguel D'oeste
4205001,Oeste Catarinense,São Miguel D'oeste
4205100,Vale do Itajaí,Rio do Sul
4205159,Vale do Itajaí,Blumenau
4205175,Oeste Catarinense,Xanxerê
4205191,Sul Catarinense,Araranguá
4205209,Oeste Catarinense,Joaçaba
4205308,Oeste Catarinense,Xanxerê
4205357,Oeste Catarinense,Chapecó
4205407,Grande Florianópolis,Florianópolis
4205431,Oeste Catarinense,Chapecó
4205456,Sul Catarinense,Criciúma
3503158,Vale do Paraíba Paulista,Bananal
3503208,Araraquara,Araraquara
3503307,Piracicaba,Limeira
3503356,Marília,Tupã
3503406,Bauru,Bauru
3503505,Vale do Paraíba Paulista,Bananal
3503604,Bauru,Bauru
3503703,São José do Rio Preto,Catanduva
3503802,Campinas,Moji-Mirim
3503901,Metropolitana de São Paulo,Guarulhos
3503950,São José do Rio Preto,Jales
3504008,Assis,Assis
3504107,Macro Metropolitana Paulista,Bragança Paulista
3504206,São José do Rio Preto,Auriflama
3522703,Araraquara,Araraquara
3522802,Itapetininga,Itapeva
3522901,Bauru,Jaú
3523008,Araçatuba,Andradina
3523107,Metropolitana de São Paulo,Moji das Cruzes
3523206,Itapetininga,Itapeva
3523305,Litoral Sul Paulista,Itanhaém
3523404,Macro Metropolitana Paulista,Bragança Paulista
3523503,Bauru,Avaré
3523602,Piracicaba,Rio Claro
3523701,Ribeirão Preto,Franca
3523800,Campinas,São João da Boa Vista
3523909,Macro Metropolitana Paulista,Sorocaba
3524006,Macro Metropolitana Paulista,Jundiaí
4313060,Metropolitana de Porto Alegre,Porto Alegre
4313086,Nordeste Rio-Grandense,Caxias do Sul
4313102,Centro Ocidental Rio-Grandense,Restinga Seca
4313201,Metropolitana de Porto Alegre,Gramado-Canela
4313300,Nordeste Rio-Grandense,Guaporé
4313334,Noroeste Rio-Grandense,Ijuí
4313359,Nordeste Rio-Grandense,Caxias do Sul
4313375,Metropolitana de Porto Alegre,Porto Alegre
4313490,Noroeste Rio-Grandense,Carazinho
4313391,Centro Oriental Rio-Grandense,Cachoeira do Sul
4313409,Metropolitana de Porto Alegre,Porto Alegre
4313425,Noroeste Rio-Grandense,Santa Rosa
4313441,Noroeste Rio-Grandense,Frederico Westphalen
4313466,Noroeste Rio-Grandense,Frederico Westphalen
4313508,Metropolitana de Porto Alegre,Osório
4313607,Noroeste Rio-Grandense,Sananduva
4313656,Metropolitana de Porto Alegre,Osório
4313706,Noroeste Rio-Grandense,Carazinho
4313805,Noroeste Rio-Grandense,Frederico Westphalen
4313904,Noroeste Rio-Grandense,Ijuí
4313953,Centro Oriental Rio-Grandense,Cachoeira do Sul
4205506,Oeste Catarinense,Joaçaba
4205555,Serrana,Curitibanos
4205605,Oeste Catarinense,Xanxerê
4205704,Sul Catarinense,Tubarão
4205803,Norte Catarinense,Joinville
4205902,Vale do Itajaí,Blumenau
4206009,Grande Florianópolis,Florianópolis
4206108,Sul Catarinense,Tubarão
4206207,Sul Catarinense,Tubarão
4206306,Vale do Itajaí,Blumenau
4206405,Oeste Catarinense,São Miguel D'oeste
4206504,Norte Catarinense,Joinville
4206603,Oeste Catarinense,São Miguel D'oeste
4206652,Oeste Catarinense,Chapecó
4206751,Oeste Catarinense,Joaçaba
4206801,Oeste Catarinense,Joaçaba
4206900,Vale do Itajaí,Rio do Sul
4207007,Sul Catarinense,Criciúma
4207106,Vale do Itajaí,Itajaí
4207205,Sul Catarinense,Tubarão
4207304,Sul Catarinense,Tubarão
4207403,Vale do Itajaí,Ituporanga
4207502,Vale do Itajaí,Blumenau
3504305,Bauru,Bauru
3504404,Araçatuba,Birigui
3504503,Bauru,Avaré
3504602,São José do Rio Preto,São José do Rio Preto
3504701,Bauru,Bauru
3504800,São José do Rio Preto,São José do Rio Preto
3504909,Vale do Paraíba Paulista,Bananal
3505005,Itapetininga,Itapeva
3505104,Araçatuba,Birigui
3505203,Bauru,Jaú
3505302,Bauru,Jaú
3505351,Itapetininga,Capão Bonito
3505401,Litoral Sul Paulista,Registro
3505500,Ribeirão Preto,Barretos
3505609,Ribeirão Preto,Ribeirão Preto
3524105,Ribeirão Preto,Ituverava
3524204,Ribeirão Preto,São Joaquim da Barra
3524303,Ribeirão Preto,Jaboticabal
3524402,Vale do Paraíba Paulista,São José dos Campos
3524501,São José do Rio Preto,São José do Rio Preto
3524600,Litoral Sul Paulista,Registro
3524709,Campinas,Campinas
3524808,São José do Rio Preto,Jales
3524907,Vale do Paraíba Paulista,Paraibuna/paraitinga
3525003,Metropolitana de São Paulo,Osasco
3525102,Ribeirão Preto,Ribeirão Preto
3525201,Macro Metropolitana Paulista,Bragança Paulista
3525300,Bauru,Jaú
3525409,Ribeirão Preto,Franca
3525508,Macro Metropolitana Paulista,Bragança Paulista
3525607,Presidente Prudente,Presidente Prudente
4314001,Nordeste Rio-Grandense,Guaporé
4314027,Centro Oriental Rio-Grandense,Cachoeira do Sul
4314035,Metropolitana de Porto Alegre,Montenegro
4314050,Metropolitana de Porto Alegre,Porto Alegre
4314068,Centro Oriental Rio-Grandense,Santa Cruz do Sul
4314076,Centro Oriental Rio-Grandense,Cachoeira do Sul
4314100,Noroeste Rio-Grandense,Passo Fundo
4314134,Noroeste Rio-Grandense,Erechim
4314159,Centro Oriental Rio-Grandense,Lajeado-Estrela
4314175,Sudeste Rio-Grandense,Jaguarão
4314209,Sudeste Rio-Grandense,Pelotas
4314308,Noroeste Rio-Grandense,Ijuí
4314407,Sudeste Rio-Grandense,Pelotas
4314423,Metropolitana de Porto Alegre,Gramado-Canela
4314456,Noroeste Rio-Grandense,Carazinho
4314464,Pinhal da Serra,Pinhal da Serra
4314472,Centro Ocidental Rio-Grandense,Santiago
4314498,Noroeste Rio-Grandense,Frederico Westphalen
4314506,Sudeste Rio-Grandense,Serras do Sudeste
4314555,Noroeste Rio-Grandense,Santo Ângelo
4314605,Sudeste Rio-Grandense,Serras do Sudeste
4207577,Oeste Catarinense,Joaçaba
4207601,Oeste Catarinense,Concórdia
4207650,Oeste Catarinense,São Miguel D'oeste
4207684,Oeste Catarinense,Xanxerê
4207700,Oeste Catarinense,Concórdia
4207759,Oeste Catarinense,Chapecó
4207809,Oeste Catarinense,Concórdia
4207858,Oeste Catarinense,Chapecó
4207908,Norte Catarinense,Canoinhas
4208005,Oeste Catarinense,Concórdia
4208104,Norte Catarinense,Canoinhas
4208203,Vale do Itajaí,Itajaí
4208302,Vale do Itajaí,Itajaí
4208401,Oeste Catarinense,São Miguel D'oeste
4208450,Norte Catarinense,Joinville
4208500,Vale do Itajaí,Ituporanga
4208609,Oeste Catarinense,Joaçaba
4208708,Sul Catarinense,Araranguá
4208807,Sul Catarinense,Tubarão
4208906,Norte Catarinense,Joinville
3505708,Metropolitana de São Paulo,Osasco
3505807,Marília,Tupã
3505906,Ribeirão Preto,Batatais
3506003,Bauru,Bauru
3506102,Ribeirão Preto,Jaboticabal
3506201,Araçatuba,Araçatuba
3506300,Assis,Ourinhos
3506359,Metropolitana de São Paulo,Santos
3506409,Araçatuba,Birigui
3506508,Araçatuba,Birigui
3506706,Araraquara,Araraquara
3506805,Bauru,Jaú
3506904,Bauru,Botucatu
3525706,São José do Rio Preto,São José do Rio Preto
3525805,Bauru,Lins
3525854,Piracicaba,Piracicaba
3525904,Macro Metropolitana Paulista,Jundiaí
3526001,Presidente Prudente,Dracena
3526100,Litoral Sul Paulista,Registro
3526209,Metropolitana de São Paulo,Itapecerica da Serra
3526308,Vale do Paraíba Paulista,Paraibuna/paraitinga
3526407,Itapetininga,Tatuí
3526506,Araçatuba,Araçatuba
3526605,Vale do Paraíba Paulista,Guaratinguetá
3526704,Piracicaba,Limeira
3526803,Bauru,Bauru
3526902,Piracicaba,Limeira
3527009,Campinas,Amparo
3527108,Bauru,Lins
4314704,Noroeste Rio-Grandense,Frederico Westphalen
4314753,Metropolitana de Porto Alegre,Montenegro
4314779,Noroeste Rio-Grandense,Passo Fundo
4314787,Noroeste Rio-Grandense,Erechim
4314803,Metropolitana de Porto Alegre,Montenegro
4314902,Metropolitana de Porto Alegre,Porto Alegre
4315008,Noroeste Rio-Grandense,Santa Rosa
4315057,Noroeste Rio-Grandense,Santa Rosa
4315073,Noroeste Rio-Grandense,Santa Rosa
4315107,Noroeste Rio-Grandense,Cerro Largo
4315131,Centro Oriental Rio-Grandense,Lajeado-Estrela
4315149,Metropolitana de Porto Alegre,Gramado-Canela
4315156,Centro Oriental Rio-Grandense,Lajeado-Estrela
4315172,Nordeste Rio-Grandense,Guaporé
4315206,Nordeste Rio-Grandense,Guaporé
4315305,Sudoeste Rio-Grandense,Campanha Ocidental
4315313,Noroeste Rio-Grandense,Erechim
4315321,Centro Ocidental Rio-Grandense,Santiago
4315354,Noroeste Rio-Grandense,Cruz Alta
4315404,Noroeste Rio-Grandense,Três Passos
4315453,Centro Oriental Rio-Grandense,Lajeado-Estrela
4315503,Centro Ocidental Rio-Grandense,Restinga Seca
4208955,Oeste Catarinense,Chapecó
4209003,Oeste Catarinense,Joaçaba
4209102,Norte Catarinense,Joinville
4209151,Vale do Itajaí,Rio do Sul
4209177,Oeste Catarinense,Xanxerê
4209201,Oeste Catarinense,Joaçaba
4209300,Serrana,Campos de Lages
4209409,Sul Catarinense,Tubarão
4209458,Oeste Catarinense,Xanxerê
4209508,Vale do Itajaí,Rio do Sul
4209706,Oeste Catarinense,Joaçaba
4209805,Grande Florianópolis,Tijucas
4209854,Oeste Catarinense,Concórdia
4209904,Vale do Itajaí,Rio do Sul
4210001,Vale do Itajaí,Blumenau
4210035,Oeste Catarinense,Joaçaba
4210050,Oeste Catarinense,Joaçaba
4210100,Norte Catarinense,Canoinhas
4210209,Grande Florianópolis,Tijucas
4210308,Norte Catarinense,Canoinhas
4210407,Sul Catarinense,Araranguá
3507001,Itapetininga,Tatuí
3507100,Macro Metropolitana Paulista,Bragança Paulista
3507159,Itapetininga,Itapeva
3507209,Assis,Assis
3507308,Bauru,Jaú
3507407,Araraquara,Araraquara
3507456,Bauru,Bauru
3507506,Bauru,Botucatu
3507605,Macro Metropolitana Paulista,Bragança Paulista
3507704,Araçatuba,Birigui
3507753,Araçatuba,Birigui
3507803,Ribeirão Preto,Ribeirão Preto
3507902,Piracicaba,Rio Claro
3508009,Itapetininga,Itapeva
3508108,Araçatuba,Birigui
3508207,Ribeirão Preto,Ituverava
3527207,Vale do Paraíba Paulista,Guaratinguetá
3527256,Araçatuba,Birigui
3527306,Macro Metropolitana Paulista,Jundiaí
3527405,Presidente Prudente,Adamantina
3527504,Bauru,Bauru
3527603,Ribeirão Preto,Ribeirão Preto
3527702,Araçatuba,Birigui
3527801,Marília,Marília
3527900,Assis,Assis
3528007,Bauru,Jaú
3528106,São José do Rio Preto,Nhandeara
3528205,São José do Rio Preto,Fernandópolis
3528304,São José do Rio Preto,Auriflama
3528403,Macro Metropolitana Paulista,Sorocaba
3528502,Metropolitana de São Paulo,Franco da Rocha
4315552,Noroeste Rio-Grandense,Frederico Westphalen
4315602,Sudeste Rio-Grandense,Litoral Lagunar
4315701,Centro Oriental Rio-Grandense,Cachoeira do Sul
4315750,Metropolitana de Porto Alegre,Gramado-Canela
4315800,Centro Oriental Rio-Grandense,Lajeado-Estrela
4315909,Noroeste Rio-Grandense,Frederico Westphalen
4315958,Noroeste Rio-Grandense,Santo Ângelo
4316006,Metropolitana de Porto Alegre,Gramado-Canela
4316105,Noroeste Rio-Grandense,Passo Fundo
4316204,Noroeste Rio-Grandense,Frederico Westphalen
4316303,Noroeste Rio-Grandense,Cerro Largo
4316402,Sudoeste Rio-Grandense,Campanha Central
4316428,Noroeste Rio-Grandense,Carazinho
4316436,Noroeste Rio-Grandense,Cruz Alta
4316451,Noroeste Rio-Grandense,Cruz Alta
4316477,Noroeste Rio-Grandense,Cerro Largo
4316501,Metropolitana de Porto Alegre,Montenegro
4316600,Noroeste Rio-Grandense,Sananduva
4316709,Noroeste Rio-Grandense,Cruz Alta
4316733,Noroeste Rio-Grandense,Passo Fundo
4316758,Centro Oriental Rio-Grandense,Lajeado-Estrela
4210506,Oeste Catarinense,Chapecó
4210555,Oeste Catarinense,Xanxerê
4210605,Norte Catarinense,Joinville
4210704,Oeste Catarinense,Joaçaba
4210803,Sul Catarinense,Araranguá
4210852,Vale do Itajaí,Rio do Sul
4210902,Oeste Catarinense,Chapecó
4211009,Oeste Catarinense,São Miguel D'oeste
4211058,Serrana,Curitibanos
4211108,Norte Catarinense,Canoinhas
4211207,Sul Catarinense,Criciúma
4211256,Sul Catarinense,Araranguá
4211306,Vale do Itajaí,Itajaí
4211405,Oeste Catarinense,Chapecó
4211454,Oeste Catarinense,Chapecó
4211504,Grande Florianópolis,Tijucas
4211603,Sul Catarinense,Criciúma
4211652,Oeste Catarinense,Chapecó
4211702,Sul Catarinense,Tubarão
4211751,Serrana,Campos de Lages
4211801,Oeste Catarinense,Joaçaba
4211850,Oeste Catarinense,Xanxerê
4211876,Oeste Catarinense,Concórdia
4211892,Serrana,Campos de Lages
3508306,Bauru,Bauru
3508405,Macro Metropolitana Paulista,Sorocaba
3508504,Vale do Paraíba Paulista,São José dos Campos
3508603,Vale do Paraíba Paulista,Guaratinguetá
3508702,Campinas,São João da Boa Vista
3508801,Bauru,Lins
3508900,Presidente Prudente,Presidente Prudente
3509007,Metropolitana de São Paulo,Franco da Rocha
3509106,Presidente Prudente,Presidente Prudente
3509205,Metropolitana de São Paulo,Osasco
3509254,Litoral Sul Paulista,Registro
3509304,São José do Rio Preto,Catanduva
3509403,Ribeirão Preto,Batatais
4301057,Metropolitana de Porto Alegre,Osório
4301206,Centro Oriental Rio-Grandense,Santa Cruz do Sul
4301107,Metropolitana de Porto Alegre,São Jerônimo
4301305,Sudeste Rio-Grandense,Jaguarão
4301404,Nordeste Rio-Grandense,Guaporé
4301503,Noroeste Rio-Grandense,Ijuí
4301552,Noroeste Rio-Grandense,Erechim
4301602,Sudoeste Rio-Grandense,Campanha Meridional
4301636,Metropolitana de Porto Alegre,Osório
4301651,Metropolitana de Porto Alegre,Montenegro
4301701,Noroeste Rio-Grandense,Erechim
4301750,Metropolitana de Porto Alegre,São Jerônimo
4301859,Noroeste Rio-Grandense,Três Passos
4301875,Sudoeste Rio-Grandense,Campanha Ocidental
4301909,Metropolitana de Porto Alegre,Camaquã
4301925,Noroeste Rio-Grandense,Erechim
4301958,Noroeste Rio-Grandense,Carazinho
4301800,Noroeste Rio-Grandense,Sananduva
4302006,Noroeste Rio-Grandense,Soledade
4302055,Noroeste Rio-Grandense,Erechim
4302105,Nordeste Rio-Grandense,Caxias do Sul
4316808,Centro Oriental Rio-Grandense,Santa Cruz do Sul
4316972,Sudoeste Rio-Grandense,Campanha Central
4316907,Centro Ocidental Rio-Grandense,Santa Maria
4316956,Metropolitana de Porto Alegre,Gramado-Canela
4317202,Noroeste Rio-Grandense,Santa Rosa
4317251,Nordeste Rio-Grandense,Caxias do Sul
4317301,Sudeste Rio-Grandense,Litoral Lagunar
4317004,Sudeste Rio-Grandense,Serras do Sudeste
4317400,Centro Ocidental Rio-Grandense,Santiago
4317509,Noroeste Rio-Grandense,Santo Ângelo
4317608,Metropolitana de Porto Alegre,Osório
4317707,Noroeste Rio-Grandense,Santo Ângelo
4317558,Noroeste Rio-Grandense,Passo Fundo
4317756,Noroeste Rio-Grandense,Carazinho
4317806,Noroeste Rio-Grandense,Ijuí
4211900,Grande Florianópolis,Florianópolis
4212007,Oeste Catarinense,São Miguel D'oeste
4212056,Serrana,Campos de Lages
4212106,Oeste Catarinense,Chapecó
4212205,Norte Catarinense,Canoinhas
4212239,Oeste Catarinense,São Miguel D'oeste
4212254,Sul Catarinense,Araranguá
4212270,Oeste Catarinense,Xanxerê
4212304,Grande Florianópolis,Florianópolis
4212403,Sul Catarinense,Tubarão
4212502,Vale do Itajaí,Itajaí
4212601,Oeste Catarinense,Concórdia
4212700,Vale do Itajaí,Ituporanga
4212908,Oeste Catarinense,Chapecó
4213005,Oeste Catarinense,Joaçaba
4213104,Oeste Catarinense,Concórdia
4213153,Oeste Catarinense,Chapecó
4213203,Vale do Itajaí,Blumenau
4213302,Serrana,Curitibanos
4213351,Serrana,Curitibanos
4213401,Oeste Catarinense,Xanxerê
4213500,Vale do Itajaí,Itajaí
4213609,Norte Catarinense,Canoinhas
3509452,Itapetininga,Itapetininga
3509502,Campinas,Campinas
3509601,Macro Metropolitana Paulista,Jundiaí
3509700,Vale do Paraíba Paulista,Campos do Jordão
3509809,Assis,Assis
3509908,Litoral Sul Paulista,Registro
3509957,Vale do Paraíba Paulista,Guaratinguetá
3510005,Assis,Assis
3510104,Ribeirão Preto,Jaboticabal
3510153,Assis,Ourinhos
3510203,Itapetininga,Capão Bonito
3510302,Macro Metropolitana Paulista,Sorocaba
3510401,Piracicaba,Piracicaba
4302154,Noroeste Rio-Grandense,Carazinho
4302204,Noroeste Rio-Grandense,Três Passos
4302220,Noroeste Rio-Grandense,Ijuí
4302238,Noroeste Rio-Grandense,Cruz Alta
4302253,Nordeste Rio-Grandense,Caxias do Sul
4302303,Nordeste Rio-Grandense,Vacaria
4302352,Metropolitana de Porto Alegre,Montenegro
4302378,Noroeste Rio-Grandense,Três Passos
4302402,Centro Oriental Rio-Grandense,Lajeado-Estrela
4302451,Centro Oriental Rio-Grandense,Lajeado-Estrela
4302501,Noroeste Rio-Grandense,Santo Ângelo
4302584,Noroeste Rio-Grandense,Ijuí
4302600,Noroeste Rio-Grandense,Três Passos
4302659,Metropolitana de Porto Alegre,Montenegro
4302709,Metropolitana de Porto Alegre,São Jerônimo
4302808,Sudeste Rio-Grandense,Serras do Sudeste
4302907,Centro Ocidental Rio-Grandense,Santa Maria
4303004,Centro Oriental Rio-Grandense,Cachoeira do Sul
4303103,Metropolitana de Porto Alegre,Porto Alegre
4317905,Noroeste Rio-Grandense,Santa Rosa
4317954,Noroeste Rio-Grandense,Sananduva
4318002,Sudoeste Rio-Grandense,Campanha Ocidental
4318051,Noroeste Rio-Grandense,Passo Fundo
4318101,Sudoeste Rio-Grandense,Campanha Ocidental
4318200,Nordeste Rio-Grandense,Vacaria
4318309,Sudoeste Rio-Grandense,Campanha Central
4318408,Metropolitana de Porto Alegre,São Jerônimo
4318424,Noroeste Rio-Grandense,Sananduva
4318432,Centro Ocidental Rio-Grandense,Restinga Seca
4318440,Nordeste Rio-Grandense,Guaporé
4318457,Noroeste Rio-Grandense,Carazinho
4318465,Noroeste Rio-Grandense,Soledade
4318481,Metropolitana de Porto Alegre,Montenegro
4318499,Noroeste Rio-Grandense,Santa Rosa
4318507,Sudeste Rio-Grandense,Litoral Lagunar
4318606,Noroeste Rio-Grandense,Sananduva
4318614,Metropolitana de Porto Alegre,Montenegro
4318622,Nordeste Rio-Grandense,Vacaria
4318705,Metropolitana de Porto Alegre,Porto Alegre
4213708,Vale do Itajaí,Rio do Sul
4213807,Sul Catarinense,Araranguá
4213906,Oeste Catarinense,Concórdia
4214003,Vale do Itajaí,Rio do Sul
4214102,Vale do Itajaí,Rio do Sul
4214151,Oeste Catarinense,São Miguel D'oeste
4214201,Oeste Catarinense,Chapecó
4214300,Grande Florianópolis,Tabuleiro
4214409,Oeste Catarinense,Joaçaba
4214508,Vale do Itajaí,Rio do Sul
4214607,Vale do Itajaí,Rio do Sul
4214805,Vale do Itajaí,Rio do Sul
4214706,Vale do Itajaí,Blumenau
4214904,Sul Catarinense,Tubarão
4215000,Norte Catarinense,São Bento do Sul
4215059,Serrana,Campos de Lages
4215075,Oeste Catarinense,São Miguel D'oeste
4215109,Vale do Itajaí,Blumenau
4215208,Oeste Catarinense,São Miguel D'oeste
4215307,Vale do Itajaí,Rio do Sul
4215356,Oeste Catarinense,Chapecó
4215406,Oeste Catarinense,Joaçaba
3510500,Vale do Paraíba Paulista,Caraguatatuba
3510609,Metropolitana de São Paulo,Osasco
3510708,São José do Rio Preto,Votuporanga
3510807,Campinas,São João da Boa Vista
3510906,Ribeirão Preto,Batatais
3511003,Araçatuba,Andradina
3511102,São José do Rio Preto,Catanduva
3511201,São José do Rio Preto,Catanduva
3511300,São José do Rio Preto,São José do Rio Preto
3511409,Bauru,Avaré
3511508,Itapetininga,Tatuí
3511607,Itapetininga,Tatuí
4303202,Noroeste Rio-Grandense,Sananduva
4303301,Noroeste Rio-Grandense,Cerro Largo
4303400,Noroeste Rio-Grandense,Frederico Westphalen
4303509,Metropolitana de Porto Alegre,Camaquã
4303558,Noroeste Rio-Grandense,Passo Fundo
4303608,Nordeste Rio-Grandense,Vacaria
4303673,Nordeste Rio-Grandense,Vacaria
4303707,Noroeste Rio-Grandense,Cerro Largo
4303806,Noroeste Rio-Grandense,Erechim
4303905,Metropolitana de Porto Alegre,Porto Alegre
4304002,Noroeste Rio-Grandense,Três Passos
4304101,Noroeste Rio-Grandense,Cruz Alta
4304200,Centro Oriental Rio-Grandense,Santa Cruz do Sul
4304309,Noroeste Rio-Grandense,Santa Rosa
4304358,Sudeste Rio-Grandense,Serras do Sudeste
4304408,Metropolitana de Porto Alegre,Gramado-Canela
4304507,Sudeste Rio-Grandense,Pelotas
4304606,Metropolitana de Porto Alegre,Porto Alegre
4304614,Centro Oriental Rio-Grandense,Lajeado-Estrela
4304622,Nordeste Rio-Grandense,Vacaria
4318804,Sudeste Rio-Grandense,Pelotas
4318903,Noroeste Rio-Grandense,Santo Ângelo
4319000,Nordeste Rio-Grandense,Caxias do Sul
4319109,Noroeste Rio-Grandense,Três Passos
4319125,Centro Ocidental Rio-Grandense,Santa Maria
4319158,Noroeste Rio-Grandense,Santo Ângelo
4319208,Noroeste Rio-Grandense,Santo Ângelo
4319307,Noroeste Rio-Grandense,Cerro Largo
4319356,Metropolitana de Porto Alegre,Montenegro
4319364,Noroeste Rio-Grandense,Carazinho
4319372,Noroeste Rio-Grandense,Cerro Largo
4319406,Centro Ocidental Rio-Grandense,Santa Maria
4319505,Metropolitana de Porto Alegre,Montenegro
4319604,Centro Ocidental Rio-Grandense,Santa Maria
4319703,Noroeste Rio-Grandense,Erechim
4319711,Nordeste Rio-Grandense,Guaporé
4319737,Noroeste Rio-Grandense,Ijuí
4319752,Metropolitana de Porto Alegre,Montenegro
4319802,Centro Ocidental Rio-Grandense,Santa Maria
4319901,Metropolitana de Porto Alegre,Porto Alegre
4215455,Sul Catarinense,Tubarão
4215505,Serrana,Curitibanos
4215554,Oeste Catarinense,São Miguel D'oeste
4215604,Sul Catarinense,Tubarão
4215653,Sul Catarinense,Araranguá
4215679,Norte Catarinense,Canoinhas
4215687,Oeste Catarinense,Chapecó
4215695,Oeste Catarinense,Chapecó
4215703,Grande Florianópolis,Florianópolis
4215802,Norte Catarinense,São Bento do Sul
4215752,Oeste Catarinense,Chapecó
4215901,Grande Florianópolis,Tabuleiro
4216008,Oeste Catarinense,Chapecó
4216057,Serrana,Curitibanos
4216107,Oeste Catarinense,Xanxerê
4216206,Norte Catarinense,Joinville
4216305,Grande Florianópolis,Tijucas
4216354,Vale do Itajaí,Itajaí
4216255,Oeste Catarinense,São Miguel D'oeste
4216404,Sul Catarinense,Araranguá
4216503,Serrana,Campos de Lages
4216602,Grande Florianópolis,Florianópolis
3511706,Piracicaba,Piracicaba
3557204,Assis,Ourinhos
3511904,Araçatuba,Birigui
3512001,Ribeirão Preto,Barretos
3512100,Ribeirão Preto,Barretos
3512209,Piracicaba,Limeira
3512308,Bauru,Botucatu
3512407,Piracicaba,Limeira
3512506,Araçatuba,Birigui
3512605,Itapetininga,Itapeva
3512704,Piracicaba,Rio Claro
3512803,Campinas,Campinas
3512902,São José do Rio Preto,Votuporanga
3513009,Metropolitana de São Paulo,Itapecerica da Serra
3513108,Ribeirão Preto,Ribeirão Preto
4304630,Metropolitana de Porto Alegre,Osório
4304655,Centro Ocidental Rio-Grandense,Santiago
4304663,Sudeste Rio-Grandense,Pelotas
4304689,Metropolitana de Porto Alegre,Montenegro
4304697,Centro Oriental Rio-Grandense,Lajeado-Estrela
4304671,Metropolitana de Porto Alegre,Osório
4304713,Metropolitana de Porto Alegre,Osório
4304705,Noroeste Rio-Grandense,Carazinho
4304804,Nordeste Rio-Grandense,Caxias do Sul
4304853,Noroeste Rio-Grandense,Erechim
4304903,Noroeste Rio-Grandense,Passo Fundo
4304952,Noroeste Rio-Grandense,Passo Fundo
4305009,Noroeste Rio-Grandense,Santo Ângelo
4305108,Nordeste Rio-Grandense,Caxias do Sul
4305116,Noroeste Rio-Grandense,Erechim
4305124,Sudeste Rio-Grandense,Pelotas
4305132,Centro Oriental Rio-Grandense,Cachoeira do Sul
4305157,Noroeste Rio-Grandense,Carazinho
4305173,Metropolitana de Porto Alegre,Camaquã
4305207,Noroeste Rio-Grandense,Cerro Largo
4305306,Noroeste Rio-Grandense,Carazinho
4305355,Metropolitana de Porto Alegre,São Jerônimo
4320008,Metropolitana de Porto Alegre,Porto Alegre
4320107,Noroeste Rio-Grandense,Carazinho
4320206,Noroeste Rio-Grandense,Frederico Westphalen
4320230,Noroeste Rio-Grandense,Três Passos
4320263,Centro Oriental Rio-Grandense,Santa Cruz do Sul
4320305,Noroeste Rio-Grandense,Não-Me-Toque
4320321,Noroeste Rio-Grandense,Santo Ângelo
4320354,Metropolitana de Porto Alegre,Camaquã
4320404,Nordeste Rio-Grandense,Guaporé
4320453,Centro Oriental Rio-Grandense,Lajeado-Estrela
4320503,Noroeste Rio-Grandense,Passo Fundo
4320552,Metropolitana de Porto Alegre,Camaquã
4320578,Noroeste Rio-Grandense,Cerro Largo
4320602,Noroeste Rio-Grandense,Erechim
4320651,Centro Ocidental Rio-Grandense,Restinga Seca
4320677,Centro Oriental Rio-Grandense,Santa Cruz do Sul
4320701,Centro Oriental Rio-Grandense,Santa Cruz do Sul
4320800,Noroeste Rio-Grandense,Soledade
4320859,Centro Oriental Rio-Grandense,Lajeado-Estrela
4320909,Noroeste Rio-Grandense,Passo Fundo
4321006,Noroeste Rio-Grandense,Não-Me-Toque
4216701,Oeste Catarinense,São Miguel D'oeste
4216800,Serrana,Campos de Lages
4216909,Oeste Catarinense,Chapecó
4217006,Sul Catarinense,Tubarão
4217105,Sul Catarinense,Tubarão
4217154,Oeste Catarinense,Chapecó
4217204,Oeste Catarinense,São Miguel D'oeste
4217253,Grande Florianópolis,Florianópolis
4217303,Oeste Catarinense,Chapecó
4217402,Norte Catarinense,Joinville
4217501,Oeste Catarinense,Concórdia
4217550,Oeste Catarinense,Chapecó
4217600,Sul Catarinense,Criciúma
4217709,Sul Catarinense,Araranguá
4217758,Oeste Catarinense,Chapecó
4217808,Vale do Itajaí,Rio do Sul
4217907,Oeste Catarinense,Joaçaba
4217956,Oeste Catarinense,Chapecó
4218004,Grande Florianópolis,Tijucas
4218103,Sul Catarinense,Araranguá
4218202,Vale do Itajaí,Blumenau
4218251,Norte Catarinense,Canoinhas
3513207,Ribeirão Preto,Franca
3513306,Assis,Assis
3513405,Vale do Paraíba Paulista,Guaratinguetá
3513504,Metropolitana de São Paulo,Santos
3513603,Vale do Paraíba Paulista,Paraibuna/paraitinga
3513702,Araraquara,São Carlos
3513801,Metropolitana de São Paulo,São Paulo
3513850,São José do Rio Preto,Jales
3513900,Campinas,São João da Boa Vista
3514007,Araraquara,Araraquara
3514106,Bauru,Jaú
3514205,São José do Rio Preto,Jales
3514304,Araraquara,São Carlos
3514403,Presidente Prudente,Dracena
3514502,Bauru,Bauru
3514601,Ribeirão Preto,Ribeirão Preto
4305371,Noroeste Rio-Grandense,Passo Fundo
4305405,Noroeste Rio-Grandense,Ijuí
4305439,Sudeste Rio-Grandense,Litoral Lagunar
4305447,Metropolitana de Porto Alegre,Camaquã
4305454,Metropolitana de Porto Alegre,Osório
4305504,Noroeste Rio-Grandense,Passo Fundo
4305587,Centro Oriental Rio-Grandense,Lajeado-Estrela
4305603,Noroeste Rio-Grandense,Não-Me-Toque
4305702,Noroeste Rio-Grandense,Ijuí
4305801,Noroeste Rio-Grandense,Frederico Westphalen
4305835,Centro Oriental Rio-Grandense,Lajeado-Estrela
4305850,Noroeste Rio-Grandense,Carazinho
4305871,Noroeste Rio-Grandense,Ijuí
4305900,Noroeste Rio-Grandense,Ijuí
4305934,Nordeste Rio-Grandense,Caxias do Sul
4305959,Nordeste Rio-Grandense,Caxias do Sul
4305975,Noroeste Rio-Grandense,Passo Fundo
4306007,Noroeste Rio-Grandense,Três Passos
4306056,Sudeste Rio-Grandense,Pelotas
4306072,Noroeste Rio-Grandense,Frederico Westphalen
4306106,Noroeste Rio-Grandense,Cruz Alta
4306130,Noroeste Rio-Grandense,Erechim
4321105,Metropolitana de Porto Alegre,Camaquã
4321204,Metropolitana de Porto Alegre,Gramado-Canela
4321303,Centro Oriental Rio-Grandense,Lajeado-Estrela
4321329,Noroeste Rio-Grandense,Frederico Westphalen
4321352,Metropolitana de Porto Alegre,Osório
4321402,Noroeste Rio-Grandense,Três Passos
4321436,Metropolitana de Porto Alegre,Osório
4321451,Centro Oriental Rio-Grandense,Lajeado-Estrela
4321469,Noroeste Rio-Grandense,Passo Fundo
4321477,Noroeste Rio-Grandense,Três Passos
4321493,Centro Ocidental Rio-Grandense,Santa Maria
4321501,Metropolitana de Porto Alegre,Osório
4321600,Metropolitana de Porto Alegre,Osório
4321626,Centro Oriental Rio-Grandense,Lajeado-Estrela
4321634,Noroeste Rio-Grandense,Erechim
4321667,Metropolitana de Porto Alegre,Osório
4321709,Metropolitana de Porto Alegre,Gramado-Canela
4321808,Noroeste Rio-Grandense,Santa Rosa
4321832,Metropolitana de Porto Alegre,Osório
4321857,Noroeste Rio-Grandense,Frederico Westphalen
4321907,Noroeste Rio-Grandense,Três Passos
4321956,Noroeste Rio-Grandense,Frederico Westphalen
4218301,Norte Catarinense,Canoinhas
4218350,Sul Catarinense,Criciúma
4218400,Sul Catarinense,Tubarão
4218509,Oeste Catarinense,Joaçaba
4218608,Vale do Itajaí,Rio do Sul
4218707,Sul Catarinense,Tubarão
4218756,Oeste Catarinense,São Miguel D'oeste
4218806,Sul Catarinense,Araranguá
4218855,Oeste Catarinense,Chapecó
4218905,Serrana,Campos de Lages
4218954,Serrana,Campos de Lages
4219002,Sul Catarinense,Criciúma
4219101,Oeste Catarinense,Xanxerê
4219150,Serrana,Curitibanos
4219176,Oeste Catarinense,Joaçaba
4219200,Vale do Itajaí,Ituporanga
4219309,Oeste Catarinense,Joaçaba
4219358,Vale do Itajaí,Rio do Sul
4219408,Vale do Itajaí,Rio do Sul
4219507,Oeste Catarinense,Xanxerê
4219606,Oeste Catarinense,Concórdia
4219705,Oeste Catarinense,Xanxerê
4219853,Serrana,Curitibanos
3514700,Marília,Marília
3514809,Litoral Sul Paulista,Registro
3514908,Campinas,Campinas
3514924,São José do Rio Preto,Catanduva
3514957,São José do Rio Preto,Catanduva
3515103,Metropolitana de São Paulo,Itapecerica da Serra
3515129,Presidente Prudente,Presidente Prudente
3515152,Campinas,Moji-Mirim
3515186,Campinas,São João da Boa Vista
3515194,Assis,Ourinhos
3557303,Campinas,Moji-Mirim
3515301,Presidente Prudente,Presidente Prudente
4306205,Centro Oriental Rio-Grandense,Lajeado-Estrela
4306304,Noroeste Rio-Grandense,Passo Fundo
4306320,Noroeste Rio-Grandense,Três Passos
4306353,Noroeste Rio-Grandense,Santo Ângelo
4306379,Centro Ocidental Rio-Grandense,Santa Maria
4306403,Metropolitana de Porto Alegre,Gramado-Canela
4306429,Noroeste Rio-Grandense,Frederico Westphalen
4306452,Nordeste Rio-Grandense,Guaporé
4306502,Metropolitana de Porto Alegre,Camaquã
4306601,Sudoeste Rio-Grandense,Campanha Meridional
4306551,Metropolitana de Porto Alegre,Osório
4306700,Centro Ocidental Rio-Grandense,Restinga Seca
4306734,Noroeste Rio-Grandense,Três Passos
4306759,Centro Oriental Rio-Grandense,Lajeado-Estrela
4306767,Metropolitana de Porto Alegre,Porto Alegre
4306809,Centro Oriental Rio-Grandense,Lajeado-Estrela
4306908,Sudeste Rio-Grandense,Serras do Sudeste
4306924,Noroeste Rio-Grandense,Frederico Westphalen
4306957,Noroeste Rio-Grandense,Erechim
4306932,Noroeste Rio-Grandense,Santo Ângelo
4306973,Noroeste Rio-Grandense,Erechim
4307005,Noroeste Rio-Grandense,Erechim
4322004,Metropolitana de Porto Alegre,São Jerônimo
4322103,Noroeste Rio-Grandense,Santa Rosa
4322152,Noroeste Rio-Grandense,Soledade
4322186,Noroeste Rio-Grandense,Sananduva
4322202,Centro Ocidental Rio-Grandense,Santiago
4322251,Metropolitana de Porto Alegre,Montenegro
4322301,Noroeste Rio-Grandense,Santa Rosa
4322327,Sudeste Rio-Grandense,Pelotas
4322343,Noroeste Rio-Grandense,Santo Ângelo
4322350,Nordeste Rio-Grandense,Guaporé
4322376,Centro Ocidental Rio-Grandense,Santiago
4322400,Sudoeste Rio-Grandense,Campanha Ocidental
4322509,Nordeste Rio-Grandense,Vacaria
4322533,Centro Oriental Rio-Grandense,Santa Cruz do Sul
4322541,Metropolitana de Porto Alegre,Montenegro
4322525,Metropolitana de Porto Alegre,São Jerônimo
4322558,Noroeste Rio-Grandense,Passo Fundo
4322608,Centro Oriental Rio-Grandense,Santa Cruz do Sul
4322707,Centro Oriental Rio-Grandense,Santa Cruz do Sul
4322806,Nordeste Rio-Grandense,Caxias do Sul
4322855,Centro Oriental Rio-Grandense,Lajeado-Estrela
2800100,Leste Sergipano,Propriá
2800209,Agreste Sergipano,Nossa Senhora das Dores
2800308,Leste Sergipano,Aracaju
2800407,Leste Sergipano,Boquim
2800506,Agreste Sergipano,Agreste de Itabaiana
2800605,Leste Sergipano,Aracaju
2800670,Leste Sergipano,Boquim
2800704,Leste Sergipano,Propriá
2801009,Agreste Sergipano,Agreste de Itabaiana
2801108,Leste Sergipano,Propriá
2801207,Sertão Sergipano,Sergipana do Sertão do São Francisco
2801306,Leste Sergipano,Cotinguiba
2801405,Sertão Sergipano,Carira
2801504,Leste Sergipano,Baixo Cotinguiba
2801603,Leste Sergipano,Propriá
2801702,Leste Sergipano,Boquim
2801900,Agreste Sergipano,Nossa Senhora das Dores
2802007,Leste Sergipano,Cotinguiba
2802106,Leste Sergipano,Estância
2802205,Sertão Sergipano,Sergipana do Sertão do São Francisco
2802304,Sertão Sergipano,Carira
2802403,Sertão Sergipano,Sergipana do Sertão do São Francisco
3515350,Presidente Prudente,Presidente Prudente
3515400,Assis,Ourinhos
3515608,Ribeirão Preto,Jaboticabal
3515509,São José do Rio Preto,Fernandópolis
3515657,Marília,Marília
3515707,Metropolitana de São Paulo,Moji das Cruzes
3515806,Presidente Prudente,Adamantina
3515905,São José do Rio Preto,Auriflama
3516002,Presidente Prudente,Adamantina
3516200,Ribeirão Preto,Franca
3516309,Metropolitana de São Paulo,Franco da Rocha
3516408,Metropolitana de São Paulo,Franco da Rocha
4307054,Noroeste Rio-Grandense,Passo Fundo
4307203,Noroeste Rio-Grandense,Erechim
4307302,Noroeste Rio-Grandense,Frederico Westphalen
4307401,Nordeste Rio-Grandense,Vacaria
4307450,Noroeste Rio-Grandense,Três Passos
4307500,Noroeste Rio-Grandense,Cruz Alta
4307559,Noroeste Rio-Grandense,Erechim
4307609,Metropolitana de Porto Alegre,Porto Alegre
4307708,Metropolitana de Porto Alegre,Porto Alegre
4307807,Centro Oriental Rio-Grandense,Lajeado-Estrela
4307815,Centro Oriental Rio-Grandense,Santa Cruz do Sul
4307831,Noroeste Rio-Grandense,Santo Ângelo
4307864,Nordeste Rio-Grandense,Caxias do Sul
4307906,Nordeste Rio-Grandense,Caxias do Sul
4308003,Centro Ocidental Rio-Grandense,Restinga Seca
4308052,Noroeste Rio-Grandense,Erechim
4308078,Centro Oriental Rio-Grandense,Lajeado-Estrela
4308102,Metropolitana de Porto Alegre,Montenegro
4308201,Nordeste Rio-Grandense,Caxias do Sul
4322905,Noroeste Rio-Grandense,Erechim
4323002,Metropolitana de Porto Alegre,Porto Alegre
4323101,Noroeste Rio-Grandense,Frederico Westphalen
4323200,Noroeste Rio-Grandense,Não-Me-Toque
4323309,Nordeste Rio-Grandense,Caxias do Sul
4323358,Noroeste Rio-Grandense,Passo Fundo
4323408,Noroeste Rio-Grandense,Passo Fundo
4323457,Centro Ocidental Rio-Grandense,Santa Maria
4323507,Noroeste Rio-Grandense,Frederico Westphalen
4323606,Nordeste Rio-Grandense,Guaporé
4323705,Noroeste Rio-Grandense,Três Passos
4323754,Noroeste Rio-Grandense,Santo Ângelo
4323770,Centro Oriental Rio-Grandense,Lajeado-Estrela
4323804,Metropolitana de Porto Alegre,Osório
4200051,Serrana,Curitibanos
4200101,Oeste Catarinense,Xanxerê
4200200,Vale do Itajaí,Ituporanga
4200309,Vale do Itajaí,Rio do Sul
4200408,Oeste Catarinense,Joaçaba
4200507,Oeste Catarinense,Chapecó
4200556,Oeste Catarinense,Chapecó
4200606,Grande Florianópolis,Tabuleiro
2802502,Leste Sergipano,Baixo Cotinguiba
2802700,Leste Sergipano,Propriá
2802809,Leste Sergipano,Estância
2802908,Agreste Sergipano,Agreste de Itabaiana
2803005,Leste Sergipano,Boquim
2803104,Sertão Sergipano,Sergipana do Sertão do São Francisco
2803302,Leste Sergipano,Japaratuba
2803401,Leste Sergipano,Japaratuba
2803500,Agreste Sergipano,Agreste de Lagarto
2803609,Leste Sergipano,Baixo Cotinguiba
2803708,Agreste Sergipano,Agreste de Itabaiana
2803807,Agreste Sergipano,Nossa Senhora das Dores
2803906,Agreste Sergipano,Agreste de Itabaiana
2804003,Leste Sergipano,Baixo Cotinguiba
2804102,Agreste Sergipano,Agreste de Itabaiana
2804201,Sertão Sergipano,Sergipana do Sertão do São Francisco
2804300,Agreste Sergipano,Nossa Senhora das Dores
2804409,Leste Sergipano,Propriá
2804458,Sertão Sergipano,Carira
2804508,Sertão Sergipano,Sergipana do Sertão do São Francisco
2804607,Agreste Sergipano,Nossa Senhora das Dores
2804706,Leste Sergipano,Propriá
3516507,Araçatuba,Birigui
3516606,Marília,Marília
3516705,Marília,Marília
3516804,São José do Rio Preto,Auriflama
3516853,Araraquara,Araraquara
3516903,São José do Rio Preto,Auriflama
3517000,Bauru,Lins
3517109,Araçatuba,Birigui
3517208,Bauru,Lins
3517307,Bauru,Lins
3517406,Ribeirão Preto,São Joaquim da Barra
3517505,São José do Rio Preto,São José do Rio Preto
3517604,Itapetininga,Capão Bonito
3517703,Ribeirão Preto,Ituverava
3517802,Araçatuba,Andradina
4308250,Noroeste Rio-Grandense,Erechim
4308300,Noroeste Rio-Grandense,Soledade
4308409,Centro Ocidental Rio-Grandense,Restinga Seca
4308433,Centro Oriental Rio-Grandense,Lajeado-Estrela
4308458,Noroeste Rio-Grandense,Cruz Alta
4308508,Noroeste Rio-Grandense,Frederico Westphalen
4308607,Nordeste Rio-Grandense,Caxias do Sul
4308656,Sudoeste Rio-Grandense,Campanha Ocidental
4308706,Noroeste Rio-Grandense,Erechim
4308805,Metropolitana de Porto Alegre,São Jerônimo
4308854,Noroeste Rio-Grandense,Passo Fundo
4308904,Noroeste Rio-Grandense,Erechim
4309001,Noroeste Rio-Grandense,Santo Ângelo
4309050,Metropolitana de Porto Alegre,Porto Alegre
4309100,Metropolitana de Porto Alegre,Gramado-Canela
4309126,Noroeste Rio-Grandense,Frederico Westphalen
4309159,Centro Oriental Rio-Grandense,Santa Cruz do Sul
4309209,Metropolitana de Porto Alegre,Porto Alegre
4309258,Nordeste Rio-Grandense,Guaporé
4309308,Metropolitana de Porto Alegre,Porto Alegre
4200705,Grande Florianópolis,Tabuleiro
4200754,Oeste Catarinense,Concórdia
4200804,Oeste Catarinense,São Miguel D'oeste
4200903,Grande Florianópolis,Tijucas
4201000,Serrana,Campos de Lages
4201109,Grande Florianópolis,Tabuleiro
4201208,Grande Florianópolis,Florianópolis
4201257,Vale do Itajaí,Blumenau
4201273,Oeste Catarinense,Concórdia
4201307,Norte Catarinense,Joinville
4201406,Sul Catarinense,Araranguá
4201505,Sul Catarinense,Tubarão
4201604,Oeste Catarinense,Joaçaba
4201653,Oeste Catarinense,Concórdia
4201703,Vale do Itajaí,Blumenau
4201802,Vale do Itajaí,Ituporanga
4201901,Vale do Itajaí,Rio do Sul
4201950,Sul Catarinense,Araranguá
4202057,Norte Catarinense,Joinville
4202008,Vale do Itajaí,Itajaí
4202073,Sul Catarinense,Araranguá
2804805,Leste Sergipano,Aracaju
2804904,Leste Sergipano,Japaratuba
2805000,Sertão Sergipano,Carira
2805109,Leste Sergipano,Boquim
2805208,Sertão Sergipano,Carira
2805307,Leste Sergipano,Japaratuba
2805406,Sertão Sergipano,Sergipana do Sertão do São Francisco
2805505,Agreste Sergipano,Tobias Barreto
2805604,Sertão Sergipano,Sergipana do Sertão do São Francisco
2805703,Leste Sergipano,Propriá
2805802,Agreste Sergipano,Agreste de Lagarto
2805901,Leste Sergipano,Baixo Cotinguiba
2806008,Sertão Sergipano,Carira
2806107,Leste Sergipano,Baixo Cotinguiba
2806206,Leste Sergipano,Boquim
2806305,Leste Sergipano,Estância
2806503,Leste Sergipano,Cotinguiba
2806404,Leste Sergipano,Propriá
2806602,Leste Sergipano,Baixo Cotinguiba
2806701,Leste Sergipano,Aracaju
2806800,Agreste Sergipano,Agreste de Itabaiana
2806909,Leste Sergipano,Japaratuba
3517901,São José do Rio Preto,São José do Rio Preto
3518107,Bauru,Bauru
3518206,Araçatuba,Araçatuba
3518305,Metropolitana de São Paulo,Moji das Cruzes
3518404,Vale do Paraíba Paulista,Guaratinguetá
3518503,Itapetininga,Itapetininga
3518602,Ribeirão Preto,Jaboticabal
3518701,Metropolitana de São Paulo,Santos
3518800,Metropolitana de São Paulo,Guarulhos
3518859,Ribeirão Preto,Ribeirão Preto
3518909,São José do Rio Preto,Auriflama
3519006,Marília,Tupã
3519055,Campinas,Campinas
4309407,Nordeste Rio-Grandense,Guaporé
4309506,Noroeste Rio-Grandense,Cerro Largo
4309555,Metropolitana de Porto Alegre,Montenegro
4307104,Sudeste Rio-Grandense,Jaguarão
4309571,Centro Oriental Rio-Grandense,Santa Cruz do Sul
4309605,Noroeste Rio-Grandense,Três Passos
4309654,Sudoeste Rio-Grandense,Campanha Meridional
4309704,Noroeste Rio-Grandense,Três Passos
4309753,Centro Oriental Rio-Grandense,Santa Cruz do Sul
4309803,Noroeste Rio-Grandense,Sananduva
4309902,Noroeste Rio-Grandense,Passo Fundo
4309951,Noroeste Rio-Grandense,Soledade
4310009,Noroeste Rio-Grandense,Cruz Alta
4310108,Metropolitana de Porto Alegre,Gramado-Canela
4310207,Noroeste Rio-Grandense,Ijuí
4310306,Nordeste Rio-Grandense,Guaporé
4310330,Metropolitana de Porto Alegre,Osório
4310363,Centro Oriental Rio-Grandense,Lajeado-Estrela
4310405,Noroeste Rio-Grandense,Santa Rosa
4310413,Noroeste Rio-Grandense,Ijuí
4310439,Nordeste Rio-Grandense,Vacaria
4310462,Noroeste Rio-Grandense,Erechim
4310504,Noroeste Rio-Grandense,Frederico Westphalen
4310538,Centro Ocidental Rio-Grandense,Santa Maria
4212809,Vale do Itajaí,Itajaí
4202081,Oeste Catarinense,São Miguel D'oeste
4202099,Oeste Catarinense,São Miguel D'oeste
4202107,Vale do Itajaí,Itajaí
4202131,Norte Catarinense,Canoinhas
4202156,Oeste Catarinense,São Miguel D'oeste
4202206,Vale do Itajaí,Blumenau
4202305,Grande Florianópolis,Florianópolis
4202404,Vale do Itajaí,Blumenau
4202438,Serrana,Campos de Lages
4202503,Serrana,Campos de Lages
4202537,Oeste Catarinense,Xanxerê
4202578,Oeste Catarinense,Chapecó
4202602,Serrana,Campos de Lages
4202453,Vale do Itajaí,Itajaí
4202701,Vale do Itajaí,Blumenau
4202800,Sul Catarinense,Tubarão
4202859,Vale do Itajaí,Rio do Sul
4202875,Serrana,Curitibanos
4202909,Vale do Itajaí,Blumenau
2807006,Agreste Sergipano,Nossa Senhora das Dores
2807105,Agreste Sergipano,Tobias Barreto
2807204,Leste Sergipano,Cotinguiba
2807303,Leste Sergipano,Propriá
2807402,Agreste Sergipano,Tobias Barreto
2807501,Leste Sergipano,Boquim
2807600,Leste Sergipano,Boquim
3500105,Presidente Prudente,Adamantina
3500204,São José do Rio Preto,São José do Rio Preto
3500303,Campinas,Piraçununga
3500402,Campinas,São João da Boa Vista
3500501,Campinas,Amparo
3500550,Bauru,Avaré
3500600,Piracicaba,Piracicaba
3500709,Bauru,Bauru
3500758,Itapetininga,Itapetininga
3519071,Campinas,Campinas
3519105,Bauru,Bauru
3519204,Marília,Tupã
3519253,Bauru,Avaré
3519303,Araraquara,São Carlos
3519402,São José do Rio Preto,São José do Rio Preto
3519501,Assis,Assis
3519600,Araraquara,Araraquara
3519709,Macro Metropolitana Paulista,Piedade
3519808,São José do Rio Preto,São José do Rio Preto
3519907,Assis,Assis
3520004,Bauru,Jaú
3520103,Ribeirão Preto,Ituverava
3520202,Vale do Paraíba Paulista,São José dos Campos
4310553,Centro Ocidental Rio-Grandense,Santiago
4310579,Nordeste Rio-Grandense,Guaporé
4310603,Sudoeste Rio-Grandense,Campanha Ocidental
4310652,Metropolitana de Porto Alegre,Osório
4310702,Noroeste Rio-Grandense,Erechim
4310751,Centro Ocidental Rio-Grandense,Restinga Seca
4310801,Metropolitana de Porto Alegre,Gramado-Canela
4310850,Noroeste Rio-Grandense,Carazinho
4310876,Noroeste Rio-Grandense,Cruz Alta
4310900,Noroeste Rio-Grandense,Erechim
4311007,Sudeste Rio-Grandense,Jaguarão
4311106,Centro Ocidental Rio-Grandense,Santa Maria
4311122,Nordeste Rio-Grandense,Vacaria
4311130,Centro Ocidental Rio-Grandense,Santiago
4311155,Noroeste Rio-Grandense,Cruz Alta
4311205,Centro Ocidental Rio-Grandense,Santiago
4311239,Centro Oriental Rio-Grandense,Santa Cruz do Sul
4311270,Noroeste Rio-Grandense,Não-Me-Toque
4311304,Nordeste Rio-Grandense,Vacaria
4311254,Noroeste Rio-Grandense,Soledade
4311403,Centro Oriental Rio-Grandense,Lajeado-Estrela
4311429,Noroeste Rio-Grandense,Carazinho
4122008,Sudeste Paranaense,Irati
4122107,Norte Central Paranaense,Faxinal
4122156,Centro-Sul Paranaense,Guarapuava
4122172,Norte Central Paranaense,Ivaiporã
4122206,Metropolitana de Curitiba,Curitiba
4122305,Metropolitana de Curitiba,Rio Negro
4122404,Norte Central Paranaense,Londrina
4122503,Centro Ocidental Paranaense,Campo Mourão
4122602,Noroeste Paranaense,Cianorte
4122651,Norte Central Paranaense,Ivaiporã
4122701,Norte Central Paranaense,Apucarana
4122800,Sudoeste Paranaense,Francisco Beltrão
4122909,Norte Pioneiro Paranaense,Wenceslau Braz
4123006,Sudoeste Paranaense,Francisco Beltrão
4123105,Norte Pioneiro Paranaense,Cornélio Procópio
4123204,Norte Pioneiro Paranaense,Assaí
4123303,Noroeste Paranaense,Paranavaí
4123402,Norte Central Paranaense,Astorga
4123501,Oeste Paranaense,Toledo
4123600,Norte Central Paranaense,Astorga
4123709,Noroeste Paranaense,Paranavaí
2411403,Central Potiguar,Serra de Santana
2411429,Central Potiguar,Seridó Oriental
2411502,Agreste Potiguar,Agreste Potiguar
2411601,Central Potiguar,Macau
2411700,Agreste Potiguar,Borborema Potiguar
2411809,Central Potiguar,Seridó Ocidental
2411908,Oeste Potiguar,Pau dos Ferros
2412005,Leste Potiguar,Macaíba
2412104,Central Potiguar,Seridó Ocidental
2412203,Leste Potiguar,Macaíba
2412302,Agreste Potiguar,Borborema Potiguar
2412401,Central Potiguar,Seridó Oriental
2412500,Oeste Potiguar,Serra de São Miguel
2412559,Leste Potiguar,Litoral Nordeste
2412609,Agreste Potiguar,Agreste Potiguar
2412708,Agreste Potiguar,Agreste Potiguar
2412807,Oeste Potiguar,Vale do Açu
2412906,Agreste Potiguar,Borborema Potiguar
2413003,Central Potiguar,Serra de Santana
2413102,Agreste Potiguar,Agreste Potiguar
2603306,Agreste Pernambucano,Garanhuns
2603405,Sertão Pernambucano,Pajeú
2603454,Metropolitana de Recife,Recife
2603504,Agreste Pernambucano,Brejo Pernambucano
2603603,Mata Pernambucana,Mata Setentrional Pernambucana
2603702,Agreste Pernambucano,Garanhuns
2603801,Agreste Pernambucano,Vale do Ipojuca
2603900,Sertão Pernambucano,Pajeú
2603926,São Francisco Pernambucano,Itaparica
2604007,Mata Pernambucana,Mata Setentrional Pernambucana
2604106,Agreste Pernambucano,Vale do Ipojuca
2604155,Agreste Pernambucano,Alto Capibaribe
2604205,Mata Pernambucana,Mata Meridional Pernambucana
2604304,Sertão Pernambucano,Salgueiro
2604403,Mata Pernambucana,Vitória de Santo Antão
2604502,Mata Pernambucana,Vitória de Santo Antão
2604601,Mata Pernambucana,Mata Setentrional Pernambucana
2604700,Agreste Pernambucano,Garanhuns
2604809,Mata Pernambucana,Mata Meridional Pernambucana
2604908,Agreste Pernambucano,Médio Capibaribe
2605004,Agreste Pernambucano,Brejo Pernambucano
2210607,Sudoeste Piauiense,São Raimundo Nonato
2210623,Sudoeste Piauiense,Chapadas do Extremo Sul Piauiense
2210631,Sudoeste Piauiense,Bertolínia
2210656,Centro-Norte Piauiense,Campo Maior
2210706,Sudeste Piauiense,Alto Médio Canindé
2210805,Sudeste Piauiense,Alto Médio Canindé
2210904,Sudeste Piauiense,Alto Médio Canindé
2210938,Sudeste Piauiense,Picos
2210953,Sudoeste Piauiense,São Raimundo Nonato
2210979,Sudeste Piauiense,Picos
2211001,Centro-Norte Piauiense,Teresina
2211100,Centro-Norte Piauiense,Teresina
2211209,Sudoeste Piauiense,Alto Parnaíba Piauiense
2211308,Centro-Norte Piauiense,Valença do Piauí
2211357,Sudoeste Piauiense,São Raimundo Nonato
2211407,Centro-Norte Piauiense,Valença do Piauí
2211506,Sudeste Piauiense,Alto Médio Canindé
2211605,Sudeste Piauiense,Alto Médio Canindé
2211704,Sudeste Piauiense,Picos
4100103,Norte Pioneiro Paranaense,Cornélio Procópio
4100202,Metropolitana de Curitiba,Cerro Azul
4100301,Metropolitana de Curitiba,Rio Negro
4100400,Metropolitana de Curitiba,Curitiba
4123808,Sudoeste Paranaense,Capanema
4123824,Oeste Paranaense,Cascavel
4123857,Centro-Sul Paranaense,Pitanga
4123907,Norte Pioneiro Paranaense,Cornélio Procópio
4123956,Noroeste Paranaense,Paranavaí
4124020,Oeste Paranaense,Cascavel
4124053,Oeste Paranaense,Foz do Iguaçu
4124004,Norte Pioneiro Paranaense,Wenceslau Braz
4124103,Norte Pioneiro Paranaense,Jacarezinho
4124202,Noroeste Paranaense,Paranavaí
4124301,Norte Pioneiro Paranaense,Cornélio Procópio
4124400,Sudoeste Paranaense,Francisco Beltrão
4124509,Norte Central Paranaense,Astorga
4124608,Noroeste Paranaense,Paranavaí
4124707,Norte Pioneiro Paranaense,Assaí
4124806,Sudoeste Paranaense,Pato Branco
4124905,Noroeste Paranaense,Paranavaí
4125001,Norte Central Paranaense,Ivaiporã
4125100,Sudeste Paranaense,São Mateus do Sul
4125308,Norte Central Paranaense,Floraí
2413201,Leste Potiguar,Litoral Sul
2413300,Agreste Potiguar,Borborema Potiguar
2413359,Oeste Potiguar,Mossoró
2413409,Central Potiguar,Seridó Ocidental
2413508,Agreste Potiguar,Agreste Potiguar
2413557,Oeste Potiguar,Umarizal
2413607,Oeste Potiguar,Pau dos Ferros
2413706,Agreste Potiguar,Borborema Potiguar
2413805,Oeste Potiguar,Pau dos Ferros
2413904,Leste Potiguar,Litoral Nordeste
2414001,Agreste Potiguar,Borborema Potiguar
2414100,Oeste Potiguar,Pau dos Ferros
2414159,Central Potiguar,Serra de Santana
2411056,Oeste Potiguar,Mossoró
2414209,Leste Potiguar,Litoral Sul
2414308,Central Potiguar,Seridó Ocidental
2414407,Leste Potiguar,Litoral Nordeste
2414456,Oeste Potiguar,Médio Oeste
2414506,Oeste Potiguar,Umarizal
2414605,Oeste Potiguar,Médio Oeste
2414704,Agreste Potiguar,Agreste Potiguar
2414753,Oeste Potiguar,Serra de São Miguel
2605103,Sertão Pernambucano,Sertão do Moxotó
2605152,São Francisco Pernambucano,Petrolina
2605202,Mata Pernambucana,Mata Meridional Pernambucana
2605301,Sertão Pernambucano,Araripina
2605400,Agreste Pernambucano,Médio Capibaribe
2605459,Metropolitana de Recife,Fernando de Noronha
2605509,Mata Pernambucana,Mata Setentrional Pernambucana
2605608,Sertão Pernambucano,Pajeú
2605707,São Francisco Pernambucano,Itaparica
2605806,Agreste Pernambucano,Alto Capibaribe
2605905,Mata Pernambucana,Mata Meridional Pernambucana
2606002,Agreste Pernambucano,Garanhuns
2606101,Mata Pernambucana,Vitória de Santo Antão
2606200,Mata Pernambucana,Mata Setentrional Pernambucana
2606309,Sertão Pernambucano,Araripina
2606408,Agreste Pernambucano,Vale do Ipojuca
2606507,Agreste Pernambucano,Garanhuns
2606606,Sertão Pernambucano,Sertão do Moxotó
2606705,Agreste Pernambucano,Brejo Pernambucano
2606804,Metropolitana de Recife,Itamaracá
2607604,Metropolitana de Recife,Itamaracá
4100459,Centro Ocidental Paranaense,Goioerê
4128625,Noroeste Paranaense,Umuarama
4100608,Noroeste Paranaense,Paranavaí
4100707,Noroeste Paranaense,Umuarama
4100509,Noroeste Paranaense,Umuarama
4100806,Norte Central Paranaense,Porecatu
4100905,Noroeste Paranaense,Paranavaí
4101002,Sudoeste Paranaense,Capanema
4101051,Oeste Paranaense,Cascavel
4101101,Norte Pioneiro Paranaense,Cornélio Procópio
4101150,Norte Central Paranaense,Astorga
4101200,Metropolitana de Curitiba,Paranaguá
4101309,Sudeste Paranaense,São Mateus do Sul
4101408,Norte Central Paranaense,Apucarana
4101507,Norte Central Paranaense,Apucarana
4101606,Centro Oriental Paranaense,Jaguariaíva
4101655,Norte Central Paranaense,Ivaiporã
4125357,Noroeste Paranaense,Umuarama
4125407,Norte Pioneiro Paranaense,Wenceslau Braz
4125456,Oeste Paranaense,Toledo
4125506,Metropolitana de Curitiba,Curitiba
4125555,Noroeste Paranaense,Cianorte
4125605,Sudeste Paranaense,São Mateus do Sul
4125704,Oeste Paranaense,Foz do Iguaçu
4125753,Oeste Paranaense,Toledo
4125803,Norte Central Paranaense,Ivaiporã
4125902,Noroeste Paranaense,Paranavaí
4126009,Norte Pioneiro Paranaense,Assaí
4126108,Noroeste Paranaense,Cianorte
4126207,Norte Pioneiro Paranaense,Ibaiti
4126256,Norte Central Paranaense,Maringá
4126272,Sudoeste Paranaense,Pato Branco
4126306,Centro Oriental Paranaense,Jaguariaíva
4126355,Oeste Paranaense,Foz do Iguaçu
4126405,Norte Pioneiro Paranaense,Cornélio Procópio
4126504,Norte Central Paranaense,Porecatu
2414803,Agreste Potiguar,Agreste Potiguar
2414902,Oeste Potiguar,Pau dos Ferros
2415008,Leste Potiguar,Litoral Sul
1100379,Leste Rondoniense,Cacoal
1100403,Leste Rondoniense,Ariquemes
1100023,Leste Rondoniense,Ariquemes
1100452,Madeira-Guaporé,Porto Velho
1100031,Leste Rondoniense,Colorado do Oeste
1100601,Leste Rondoniense,Ariquemes
1100049,Leste Rondoniense,Cacoal
1100700,Madeira-Guaporé,Porto Velho
1100809,Madeira-Guaporé,Porto Velho
1100908,Leste Rondoniense,Cacoal
1100056,Leste Rondoniense,Colorado do Oeste
1100924,Leste Rondoniense,Vilhena
1100064,Leste Rondoniense,Colorado do Oeste
1100072,Leste Rondoniense,Colorado do Oeste
1100080,Madeira-Guaporé,Guajará-Mirim
1100940,Madeira-Guaporé,Porto Velho
1101005,Leste Rondoniense,Ji-Paraná
1100106,Madeira-Guaporé,Guajará-Mirim
2607000,Sertão Pernambucano,Sertão do Moxotó
2607109,Sertão Pernambucano,Pajeú
2607208,Metropolitana de Recife,Suape
2607307,Sertão Pernambucano,Araripina
2607406,São Francisco Pernambucano,Itaparica
2607505,Agreste Pernambucano,Vale do Ipanema
2607653,Mata Pernambucana,Mata Setentrional Pernambucana
2607703,Sertão Pernambucano,Pajeú
2607752,Metropolitana de Recife,Itamaracá
2607802,Mata Pernambucana,Mata Setentrional Pernambucana
2607901,Metropolitana de Recife,Recife
2607950,Mata Pernambucana,Mata Meridional Pernambucana
2608008,Agreste Pernambucano,Vale do Ipojuca
2608057,São Francisco Pernambucano,Itaparica
2608107,Agreste Pernambucano,Médio Capibaribe
2608206,Mata Pernambucana,Mata Meridional Pernambucana
2608255,Agreste Pernambucano,Garanhuns
2608305,Agreste Pernambucano,Garanhuns
2608404,Agreste Pernambucano,Garanhuns
2608453,Mata Pernambucana,Mata Setentrional Pernambucana
4101705,Centro Ocidental Paranaense,Campo Mourão
4101804,Metropolitana de Curitiba,Curitiba
4101853,Norte Central Paranaense,Ivaiporã
4101903,Norte Pioneiro Paranaense,Assaí
4102000,Oeste Paranaense,Toledo
4102109,Norte Central Paranaense,Astorga
4102208,Norte Central Paranaense,Astorga
4102307,Metropolitana de Curitiba,Curitiba
4102406,Norte Pioneiro Paranaense,Cornélio Procópio
4102505,Centro Ocidental Paranaense,Campo Mourão
4102703,Norte Pioneiro Paranaense,Jacarezinho
4102604,Sudoeste Paranaense,Francisco Beltrão
4102752,Sudoeste Paranaense,Capanema
4102802,Norte Central Paranaense,Porecatu
4102901,Sudeste Paranaense,União da Vitória
4103008,Centro Ocidental Paranaense,Goioerê
4103024,Sudoeste Paranaense,Francisco Beltrão
4103040,Centro-Sul Paranaense,Pitanga
4126603,Norte Pioneiro Paranaense,Wenceslau Braz
4126652,Sudoeste Paranaense,Pato Branco
4126678,Norte Central Paranaense,Londrina
4126702,Noroeste Paranaense,Paranavaí
4126801,Noroeste Paranaense,Cianorte
4126900,Noroeste Paranaense,Umuarama
4127007,Sudeste Paranaense,Prudentópolis
4127106,Centro Oriental Paranaense,Telêmaco Borba
4127205,Centro Ocidental Paranaense,Campo Mourão
4127304,Noroeste Paranaense,Paranavaí
4127403,Oeste Paranaense,Toledo
4127502,Centro Oriental Paranaense,Telêmaco Borba
4127601,Metropolitana de Curitiba,Rio Negro
4127700,Oeste Paranaense,Toledo
4127809,Norte Pioneiro Paranaense,Wenceslau Braz
4127858,Oeste Paranaense,Cascavel
4127882,Metropolitana de Curitiba,Curitiba
4127908,Noroeste Paranaense,Cianorte
4127957,Oeste Paranaense,Toledo
4127965,Centro-Sul Paranaense,Guarapuava
4128005,Centro Ocidental Paranaense,Goioerê
4128104,Noroeste Paranaense,Umuarama
1101104,Madeira-Guaporé,Porto Velho
1100114,Leste Rondoniense,Ji-Paraná
1100122,Leste Rondoniense,Ji-Paraná
1101203,Leste Rondoniense,Cacoal
1101302,Leste Rondoniense,Ji-Paraná
1101401,Leste Rondoniense,Ariquemes
1100338,Madeira-Guaporé,Porto Velho
1101435,Leste Rondoniense,Ji-Paraná
1100502,Leste Rondoniense,Cacoal
1100155,Leste Rondoniense,Ji-Paraná
1101450,Leste Rondoniense,Vilhena
1100189,Leste Rondoniense,Vilhena
1101468,Leste Rondoniense,Colorado do Oeste
1100205,Madeira-Guaporé,Porto Velho
1100254,Leste Rondoniense,Ji-Paraná
1101476,Leste Rondoniense,Vilhena
1100262,Leste Rondoniense,Ariquemes
1100288,Leste Rondoniense,Cacoal
1101492,Madeira-Guaporé,Guajará-Mirim
1100320,Leste Rondoniense,Alvorada D'oeste
2608602,Agreste Pernambucano,Garanhuns
2608701,Agreste Pernambucano,Brejo Pernambucano
2608750,São Francisco Pernambucano,Petrolina
2608800,Agreste Pernambucano,Garanhuns
2608909,Agreste Pernambucano,Médio Capibaribe
2609006,Mata Pernambucana,Mata Setentrional Pernambucana
2609105,Agreste Pernambucano,Médio Capibaribe
2609154,Sertão Pernambucano,Sertão do Moxotó
2609204,Mata Pernambucana,Mata Meridional Pernambucana
2609303,Sertão Pernambucano,Salgueiro
2614303,Sertão Pernambucano,Araripina
2609402,Metropolitana de Recife,Recife
2609501,Mata Pernambucana,Mata Setentrional Pernambucana
2609600,Metropolitana de Recife,Recife
2609709,Agreste Pernambucano,Médio Capibaribe
2609808,São Francisco Pernambucano,Petrolina
2609907,Sertão Pernambucano,Araripina
2610004,Mata Pernambucana,Mata Meridional Pernambucana
2610103,Agreste Pernambucano,Garanhuns
2610202,Agreste Pernambucano,Brejo Pernambucano
2610301,Agreste Pernambucano,Garanhuns
2610400,Sertão Pernambucano,Salgueiro
4103057,Oeste Paranaense,Cascavel
4103107,Metropolitana de Curitiba,Curitiba
4103156,Sudoeste Paranaense,Francisco Beltrão
4103206,Norte Central Paranaense,Faxinal
4103222,Sudoeste Paranaense,Pato Branco
4103305,Norte Central Paranaense,Faxinal
4103354,Oeste Paranaense,Cascavel
4103370,Noroeste Paranaense,Umuarama
4103404,Norte Central Paranaense,Astorga
4103453,Oeste Paranaense,Cascavel
4103479,Noroeste Paranaense,Umuarama
4103503,Norte Central Paranaense,Apucarana
4103602,Norte Pioneiro Paranaense,Jacarezinho
4103701,Norte Central Paranaense,Londrina
4103800,Norte Central Paranaense,Apucarana
4103909,Centro Ocidental Paranaense,Goioerê
4103958,Centro-Sul Paranaense,Guarapuava
4104006,Metropolitana de Curitiba,Curitiba
4104055,Oeste Paranaense,Cascavel
4104105,Metropolitana de Curitiba,Rio Negro
4104204,Metropolitana de Curitiba,Curitiba
4128203,Sudeste Paranaense,União da Vitória
4128302,Norte Central Paranaense,Astorga
4128401,Norte Pioneiro Paranaense,Assaí
4128534,Centro Oriental Paranaense,Telêmaco Borba
4128559,Oeste Paranaense,Foz do Iguaçu
4128609,Sudoeste Paranaense,Francisco Beltrão
4128658,Centro-Sul Paranaense,Guarapuava
4128708,Sudoeste Paranaense,Pato Branco
4128500,Norte Pioneiro Paranaense,Wenceslau Braz
4128807,Noroeste Paranaense,Umuarama
3300100,Sul Fluminense,Baía da Ilha Grande
3300159,Noroeste Fluminense,Santo Antônio de Pádua
3300209,Baixadas,Lagos
3300225,Centro Fluminense,Três Rios
3300233,Baixadas,Lagos
3300258,Baixadas,Lagos
3300308,Sul Fluminense,Barra do Piraí
1101500,Leste Rondoniense,Alvorada D'oeste
1101559,Leste Rondoniense,Ji-Paraná
1101609,Leste Rondoniense,Ji-Paraná
1101708,Leste Rondoniense,Ji-Paraná
1101757,Leste Rondoniense,Ariquemes
1101807,Leste Rondoniense,Ji-Paraná
1100304,Leste Rondoniense,Vilhena
1400050,Norte de Roraima,Boa Vista
1400027,Norte de Roraima,Boa Vista
1400100,Norte de Roraima,Boa Vista
1400159,Norte de Roraima,Nordeste de Roraima
1400175,Norte de Roraima,Nordeste de Roraima
1400209,Sul de Roraima,Caracaraí
1400233,Sul de Roraima,Sudeste de Roraima
1400282,Sul de Roraima,Caracaraí
1400308,Sul de Roraima,Caracaraí
1400407,Norte de Roraima,Nordeste de Roraima
1400456,Norte de Roraima,Boa Vista
1400472,Sul de Roraima,Sudeste de Roraima
1400506,Sul de Roraima,Sudeste de Roraima
1400605,Sul de Roraima,Sudeste de Roraima
1400704,Norte de Roraima,Nordeste de Roraima
4300034,Sudoeste Rio-Grandense,Campanha Meridional
2610509,Agreste Pernambucano,Médio Capibaribe
2610608,Mata Pernambucana,Mata Setentrional Pernambucana
2610707,Metropolitana de Recife,Recife
2610806,Agreste Pernambucano,Vale do Ipanema
2610905,Agreste Pernambucano,Vale do Ipojuca
2611002,São Francisco Pernambucano,Itaparica
2611101,São Francisco Pernambucano,Petrolina
2611200,Agreste Pernambucano,Vale do Ipojuca
2611309,Mata Pernambucana,Vitória de Santo Antão
2611408,Mata Pernambucana,Mata Meridional Pernambucana
2611507,Mata Pernambucana,Mata Meridional Pernambucana
2611533,Sertão Pernambucano,Pajeú
2611606,Metropolitana de Recife,Recife
2611705,Agreste Pernambucano,Vale do Ipojuca
2611804,Mata Pernambucana,Mata Meridional Pernambucana
2611903,Mata Pernambucana,Mata Meridional Pernambucana
2612000,Agreste Pernambucano,Brejo Pernambucano
2612109,Agreste Pernambucano,Médio Capibaribe
2612208,Sertão Pernambucano,Salgueiro
2612307,Agreste Pernambucano,Garanhuns
2612406,Agreste Pernambucano,Vale do Ipojuca
2612455,Sertão Pernambucano,Araripina
4104253,Metropolitana de Curitiba,Curitiba
4104303,Centro Ocidental Paranaense,Campo Mourão
4104402,Norte Central Paranaense,Ivaiporã
4104428,Centro-Sul Paranaense,Guarapuava
4104451,Centro-Sul Paranaense,Guarapuava
4104501,Sudoeste Paranaense,Capanema
4104600,Oeste Paranaense,Cascavel
4104659,Centro Oriental Paranaense,Ponta Grossa
4104709,Norte Pioneiro Paranaense,Wenceslau Braz
4104808,Oeste Paranaense,Cascavel
4104907,Centro Oriental Paranaense,Ponta Grossa
4105003,Oeste Paranaense,Cascavel
4105102,Norte Central Paranaense,Astorga
4105201,Metropolitana de Curitiba,Cerro Azul
4105300,Oeste Paranaense,Foz do Iguaçu
4105409,Sudoeste Paranaense,Pato Branco
4105508,Noroeste Paranaense,Cianorte
4105607,Noroeste Paranaense,Cianorte
4105706,Centro-Sul Paranaense,Palmas
4105805,Metropolitana de Curitiba,Curitiba
3300407,Sul Fluminense,Vale do Paraíba Fluminense
3300456,Metropolitana do Rio de Janeiro,Rio de Janeiro
3300506,Centro Fluminense,Nova Friburgo
3300605,Noroeste Fluminense,Itaperuna
3300704,Baixadas,Lagos
3300803,Metropolitana do Rio de Janeiro,Macacu-Caceribu
3300902,Noroeste Fluminense,Santo Antônio de Pádua
3301009,Norte Fluminense,Campos dos Goytacazes
3301108,Centro Fluminense,Cantagalo-Cordeiro
3300936,Norte Fluminense,Macaé
4300059,Noroeste Rio-Grandense,Passo Fundo
4300109,Centro Ocidental Rio-Grandense,Restinga Seca
4300208,Noroeste Rio-Grandense,Ijuí
4300307,Noroeste Rio-Grandense,Santa Rosa
4300406,Sudoeste Rio-Grandense,Campanha Ocidental
4300455,Noroeste Rio-Grandense,Ijuí
4300471,Noroeste Rio-Grandense,Carazinho
4300505,Noroeste Rio-Grandense,Frederico Westphalen
4300554,Noroeste Rio-Grandense,Cruz Alta
4300570,Metropolitana de Porto Alegre,Montenegro
4300604,Metropolitana de Porto Alegre,Porto Alegre
4300638,Sudeste Rio-Grandense,Serras do Sudeste
4300646,Noroeste Rio-Grandense,Frederico Westphalen
4300661,Nordeste Rio-Grandense,Guaporé
4300703,Nordeste Rio-Grandense,Guaporé
4300802,Nordeste Rio-Grandense,Caxias do Sul
4300851,Metropolitana de Porto Alegre,Camaquã
4300877,Metropolitana de Porto Alegre,Porto Alegre
4300901,Noroeste Rio-Grandense,Erechim
4301008,Centro Oriental Rio-Grandense,Lajeado-Estrela
4301073,Sudeste Rio-Grandense,Pelotas
2612471,Sertão Pernambucano,Pajeú
2612505,Agreste Pernambucano,Alto Capibaribe
2612554,Sertão Pernambucano,Araripina
2612604,São Francisco Pernambucano,Petrolina
2612703,Agreste Pernambucano,Alto Capibaribe
2612802,Sertão Pernambucano,Pajeú
2612901,Mata Pernambucana,Mata Meridional Pernambucana
2613008,Agreste Pernambucano,Vale do Ipojuca
2613107,Agreste Pernambucano,Vale do Ipojuca
2613206,Agreste Pernambucano,Garanhuns
2613305,Agreste Pernambucano,Brejo Pernambucano
2613404,Mata Pernambucana,Mata Meridional Pernambucana
2613503,Sertão Pernambucano,Salgueiro
2613602,Sertão Pernambucano,Pajeú
2613701,Metropolitana de Recife,Recife
2613800,Agreste Pernambucano,Médio Capibaribe
2613909,Sertão Pernambucano,Pajeú
2614006,Sertão Pernambucano,Salgueiro
4105904,Norte Central Paranaense,Astorga
4106001,Norte Pioneiro Paranaense,Cornélio Procópio
4106100,Norte Pioneiro Paranaense,Ibaiti
4106209,Metropolitana de Curitiba,Curitiba
4106308,Oeste Paranaense,Cascavel
4106407,Norte Pioneiro Paranaense,Cornélio Procópio
4106456,Centro-Sul Paranaense,Palmas
4106506,Sudoeste Paranaense,Pato Branco
4106555,Centro Ocidental Paranaense,Campo Mourão
4106803,Sudeste Paranaense,União da Vitória
4106571,Sudoeste Paranaense,Francisco Beltrão
4106605,Noroeste Paranaense,Umuarama
4106704,Noroeste Paranaense,Paranavaí
4106852,Norte Central Paranaense,Faxinal
4106902,Metropolitana de Curitiba,Curitiba
4107009,Norte Pioneiro Paranaense,Ibaiti
4107108,Noroeste Paranaense,Paranavaí
4107124,Oeste Paranaense,Cascavel
3301157,Norte Fluminense,Campos dos Goytacazes
3301207,Centro Fluminense,Cantagalo-Cordeiro
3301306,Baixadas,Bacia de São João
3300951,Centro Fluminense,Três Rios
3301405,Norte Fluminense,Macaé
3301504,Centro Fluminense,Cantagalo-Cordeiro
3301603,Centro Fluminense,Nova Friburgo
3301702,Metropolitana do Rio de Janeiro,Rio de Janeiro
3301801,Metropolitana do Rio de Janeiro,Vassouras
3301850,Metropolitana do Rio de Janeiro,Rio de Janeiro
3301876,Baixadas,Lagos
3301900,Metropolitana do Rio de Janeiro,Rio de Janeiro
3302007,Metropolitana do Rio de Janeiro,Itaguaí
3302056,Noroeste Fluminense,Itaperuna
3302106,Noroeste Fluminense,Santo Antônio de Pádua
3302205,Noroeste Fluminense,Itaperuna
3302254,Sul Fluminense,Vale do Paraíba Fluminense
3302270,Metropolitana do Rio de Janeiro,Rio de Janeiro
2502003,Sertão Paraibano,Catolé do Rocha
2502052,Sertão Paraibano,Cajazeiras
2502102,Sertão Paraibano,Itaporanga
2502151,Agreste Paraibano,Campina Grande
2502201,Sertão Paraibano,Cajazeiras
2502300,Sertão Paraibano,Catolé do Rocha
2502409,Sertão Paraibano,Cajazeiras
2502508,Borborema,Cariri Oriental
2502706,Agreste Paraibano,Brejo Paraibano
2502805,Sertão Paraibano,Catolé do Rocha
2502904,Sertão Paraibano,Catolé do Rocha
2503001,Mata Paraibana,Litoral Sul
2503100,Borborema,Cariri Oriental
2503209,Mata Paraibana,João Pessoa
2503308,Sertão Paraibano,Cajazeiras
2503407,Sertão Paraibano,Patos
2503506,Agreste Paraibano,Curimataú Oriental
2503555,Sertão Paraibano,Serra do Teixeira
2503605,Agreste Paraibano,Guarabira
2503704,Sertão Paraibano,Cajazeiras
2503753,Sertão Paraibano,Sousa
2503803,Agreste Paraibano,Itabaiana
2503902,Borborema,Cariri Ocidental
2614105,Sertão Pernambucano,Sertão do Moxotó
2614204,Mata Pernambucana,Mata Meridional Pernambucana
2614402,Sertão Pernambucano,Pajeú
2614501,Agreste Pernambucano,Alto Capibaribe
2614600,Sertão Pernambucano,Pajeú
2614709,Agreste Pernambucano,Vale do Ipojuca
2614808,São Francisco Pernambucano,Itaparica
2614857,Mata Pernambucana,Mata Meridional Pernambucana
2615003,Agreste Pernambucano,Alto Capibaribe
2615102,Agreste Pernambucano,Garanhuns
2615201,São Francisco Pernambucano,Petrolina
2615300,Mata Pernambucana,Mata Setentrional Pernambucana
2615409,Agreste Pernambucano,Alto Capibaribe
2615508,Mata Pernambucana,Mata Setentrional Pernambucana
2615607,Sertão Pernambucano,Araripina
2615706,Sertão Pernambucano,Pajeú
2615805,Agreste Pernambucano,Vale do Ipanema
2615904,Sertão Pernambucano,Pajeú
2616001,Agreste Pernambucano,Vale do Ipanema
2616100,Sertão Pernambucano,Salgueiro
2616183,Agreste Pernambucano,Alto Capibaribe
2616209,Agreste Pernambucano,Alto Capibaribe
2616308,Mata Pernambucana,Mata Setentrional Pernambucana
4107207,Sudoeste Paranaense,Francisco Beltrão
4107256,Noroeste Paranaense,Umuarama
4107306,Norte Central Paranaense,Floraí
4128633,Metropolitana de Curitiba,Cerro Azul
4107405,Sudoeste Paranaense,Francisco Beltrão
4107504,Centro Ocidental Paranaense,Campo Mourão
4107538,Oeste Paranaense,Toledo
4107520,Noroeste Paranaense,Umuarama
4107546,Centro-Sul Paranaense,Guarapuava
4107553,Centro Ocidental Paranaense,Campo Mourão
4107603,Norte Central Paranaense,Faxinal
4107652,Metropolitana de Curitiba,Curitiba
4107702,Centro Ocidental Paranaense,Campo Mourão
4107736,Sudeste Paranaense,Prudentópolis
4107751,Norte Pioneiro Paranaense,Ibaiti
4107850,Sudoeste Paranaense,Francisco Beltrão
4107801,Norte Central Paranaense,Floraí
4107900,Norte Central Paranaense,Floraí
4108007,Norte Central Paranaense,Porecatu
4108106,Norte Central Paranaense,Astorga
4108205,Oeste Paranaense,Toledo
4108304,Oeste Paranaense,Foz do Iguaçu
3302304,Noroeste Fluminense,Itaperuna
3302403,Norte Fluminense,Macaé
3302452,Centro Fluminense,Cantagalo-Cordeiro
3302502,Metropolitana do Rio de Janeiro,Rio de Janeiro
3302601,Metropolitana do Rio de Janeiro,Itaguaí
3302700,Metropolitana do Rio de Janeiro,Rio de Janeiro
3302809,Metropolitana do Rio de Janeiro,Vassouras
3302858,Metropolitana do Rio de Janeiro,Rio de Janeiro
3302908,Metropolitana do Rio de Janeiro,Vassouras
3303005,Noroeste Fluminense,Santo Antônio de Pádua
3303104,Noroeste Fluminense,Itaperuna
3303203,Metropolitana do Rio de Janeiro,Rio de Janeiro
3303302,Metropolitana do Rio de Janeiro,Rio de Janeiro
3303401,Centro Fluminense,Nova Friburgo
3303500,Metropolitana do Rio de Janeiro,Rio de Janeiro
2504009,Agreste Paraibano,Campina Grande
2504033,Mata Paraibana,Litoral Norte
2504074,Borborema,Cariri Oriental
2504108,Sertão Paraibano,Cajazeiras
2504157,Agreste Paraibano,Curimataú Oriental
2504207,Sertão Paraibano,Piancó
2504306,Sertão Paraibano,Catolé do Rocha
2504355,Borborema,Cariri Oriental
2504405,Sertão Paraibano,Itaporanga
2504504,Sertão Paraibano,Sousa
2504603,Mata Paraibana,João Pessoa
2504702,Borborema,Cariri Ocidental
2504801,Sertão Paraibano,Piancó
2504850,Borborema,Cariri Ocidental
2504900,Mata Paraibana,Sapé
2505006,Borborema,Seridó Oriental Paraibano
2505105,Agreste Paraibano,Curimataú Ocidental
2505238,Mata Paraibana,Litoral Norte
2505204,Agreste Paraibano,Guarabira
2505279,Mata Paraibana,Litoral Norte
2505303,Sertão Paraibano,Itaporanga
2505352,Agreste Paraibano,Curimataú Ocidental
2505402,Sertão Paraibano,Serra do Teixeira
2505600,Sertão Paraibano,Itaporanga
2616407,Mata Pernambucana,Vitória de Santo Antão
2616506,Mata Pernambucana,Mata Meridional Pernambucana
2200053,Sudeste Piauiense,Alto Médio Canindé
2200103,Centro-Norte Piauiense,Médio Parnaíba Piauiense
2200202,Centro-Norte Piauiense,Médio Parnaíba Piauiense
2200251,Sudeste Piauiense,Pio Ix
2200277,Sudeste Piauiense,Pio Ix
2200301,Centro-Norte Piauiense,Campo Maior
2200400,Centro-Norte Piauiense,Teresina
2200459,Sudoeste Piauiense,Alto Médio Gurguéia
2200509,Centro-Norte Piauiense,Médio Parnaíba Piauiense
2200608,Centro-Norte Piauiense,Médio Parnaíba Piauiense
2200707,Sudoeste Piauiense,São Raimundo Nonato
2200806,Sudoeste Piauiense,Bertolínia
2200905,Centro-Norte Piauiense,Valença do Piauí
2200954,Sudeste Piauiense,Picos
2201002,Centro-Norte Piauiense,Médio Parnaíba Piauiense
2201051,Centro-Norte Piauiense,Campo Maior
2201101,Sudoeste Piauiense,Chapadas do Extremo Sul Piauiense
2201150,Sudoeste Piauiense,Alto Parnaíba Piauiense
2201200,Norte Piauiense,Baixo Parnaíba Piauiense
2201309,Sudoeste Piauiense,Alto Médio Gurguéia
4108452,Centro-Sul Paranaense,Guarapuava
4108320,Noroeste Paranaense,Umuarama
4108403,Sudoeste Paranaense,Francisco Beltrão
4108502,Sudeste Paranaense,União da Vitória
4108551,Norte Central Paranaense,Ivaiporã
4108601,Centro Ocidental Paranaense,Goioerê
4108650,Centro-Sul Paranaense,Guarapuava
4108700,Norte Central Paranaense,Ivaiporã
4108809,Oeste Paranaense,Toledo
4108908,Noroeste Paranaense,Paranavaí
4108957,Sudeste Paranaense,Prudentópolis
4109005,Norte Pioneiro Paranaense,Wenceslau Braz
4109104,Noroeste Paranaense,Cianorte
4109203,Norte Central Paranaense,Astorga
4109302,Oeste Paranaense,Cascavel
4109401,Centro-Sul Paranaense,Guarapuava
4109500,Metropolitana de Curitiba,Paranaguá
4109609,Metropolitana de Curitiba,Paranaguá
4109658,Centro-Sul Paranaense,Palmas
4109708,Norte Pioneiro Paranaense,Ibaiti
4109757,Oeste Paranaense,Cascavel
3303609,Metropolitana do Rio de Janeiro,Vassouras
3303708,Centro Fluminense,Três Rios
3303807,Sul Fluminense,Baía da Ilha Grande
3303856,Metropolitana do Rio de Janeiro,Vassouras
3303906,Metropolitana do Rio de Janeiro,Serrana
3303955,Sul Fluminense,Vale do Paraíba Fluminense
3304003,Sul Fluminense,Vale do Paraíba Fluminense
3304102,Noroeste Fluminense,Itaperuna
3304110,Sul Fluminense,Vale do Paraíba Fluminense
3304128,Sul Fluminense,Vale do Paraíba Fluminense
3304144,Metropolitana do Rio de Janeiro,Rio de Janeiro
3304151,Norte Fluminense,Macaé
3304201,Sul Fluminense,Vale do Paraíba Fluminense
3304300,Metropolitana do Rio de Janeiro,Macacu-Caceribu
3304409,Sul Fluminense,Vale do Paraíba Fluminense
3304508,Sul Fluminense,Barra do Piraí
2505709,Agreste Paraibano,Curimataú Oriental
2505808,Agreste Paraibano,Guarabira
2505907,Sertão Paraibano,Piancó
2506004,Agreste Paraibano,Esperança
2506103,Agreste Paraibano,Campina Grande
2506202,Borborema,Seridó Oriental Paraibano
2506251,Agreste Paraibano,Umbuzeiro
2506301,Agreste Paraibano,Guarabira
2506400,Agreste Paraibano,Itabaiana
2506509,Borborema,Cariri Oriental
2506608,Sertão Paraibano,Itaporanga
2502607,Sertão Paraibano,Piancó
2506707,Sertão Paraibano,Serra do Teixeira
2506806,Agreste Paraibano,Itabaiana
2506905,Agreste Paraibano,Itabaiana
2507002,Sertão Paraibano,Itaporanga
2507101,Mata Paraibana,Litoral Norte
2507200,Agreste Paraibano,Itabaiana
2507309,Mata Paraibana,Litoral Norte
2507408,Sertão Paraibano,Catolé do Rocha
2507507,Mata Paraibana,João Pessoa
2507606,Agreste Paraibano,Itabaiana
2507705,Borborema,Seridó Oriental Paraibano
2507804,Borborema,Seridó Ocidental Paraibano
2201408,Centro-Norte Piauiense,Médio Parnaíba Piauiense
2201507,Norte Piauiense,Baixo Parnaíba Piauiense
2201556,Sudeste Piauiense,Alto Médio Canindé
2201572,Sudeste Piauiense,Alto Médio Canindé
2201606,Centro-Norte Piauiense,Teresina
2201705,Sudoeste Piauiense,Bertolínia
2201739,Sudeste Piauiense,Alto Médio Canindé
2201770,Norte Piauiense,Baixo Parnaíba Piauiense
2201804,Sudeste Piauiense,Picos
2201903,Sudoeste Piauiense,Alto Médio Gurguéia
2201919,Norte Piauiense,Litoral Piauiense
2201929,Sudoeste Piauiense,São Raimundo Nonato
2201945,Centro-Norte Piauiense,Campo Maior
2201960,Norte Piauiense,Baixo Parnaíba Piauiense
2201988,Sudoeste Piauiense,São Raimundo Nonato
2202000,Norte Piauiense,Litoral Piauiense
2202026,Centro-Norte Piauiense,Campo Maior
2202059,Norte Piauiense,Baixo Parnaíba Piauiense
2202075,Sudeste Piauiense,Picos
2202083,Norte Piauiense,Litoral Piauiense
2202091,Sudeste Piauiense,Alto Médio Canindé
2202109,Sudeste Piauiense,Alto Médio Canindé
2202117,Sudeste Piauiense,Alto Médio Canindé
4109807,Norte Central Paranaense,Londrina
4109906,Noroeste Paranaense,Umuarama
4110003,Norte Central Paranaense,Astorga
4110052,Oeste Paranaense,Cascavel
4110078,Centro Oriental Paranaense,Telêmaco Borba
4110102,Sudeste Paranaense,Prudentópolis
4110201,Centro-Sul Paranaense,Guarapuava
4110300,Noroeste Paranaense,Paranavaí
4110409,Noroeste Paranaense,Cianorte
4110508,Sudeste Paranaense,Prudentópolis
4110607,Noroeste Paranaense,Umuarama
4110656,Oeste Paranaense,Toledo
4110706,Sudeste Paranaense,Irati
4110805,Centro Ocidental Paranaense,Campo Mourão
4110904,Norte Central Paranaense,Astorga
4110953,Oeste Paranaense,Foz do Iguaçu
4111001,Norte Pioneiro Paranaense,Cornélio Procópio
4111100,Norte Central Paranaense,Floraí
4111258,Metropolitana de Curitiba,Curitiba
4111308,Noroeste Paranaense,Paranavaí
4111407,Sudeste Paranaense,Prudentópolis
3304524,Baixadas,Bacia de São João
3304557,Metropolitana do Rio de Janeiro,Rio de Janeiro
3304607,Centro Fluminense,Santa Maria Madalena
3304706,Noroeste Fluminense,Santo Antônio de Pádua
3304805,Norte Fluminense,Campos dos Goytacazes
3304755,Norte Fluminense,Campos dos Goytacazes
3304904,Metropolitana do Rio de Janeiro,Rio de Janeiro
3305000,Norte Fluminense,Campos dos Goytacazes
3305109,Metropolitana do Rio de Janeiro,Rio de Janeiro
3305133,Noroeste Fluminense,Santo Antônio de Pádua
3305158,Metropolitana do Rio de Janeiro,Serrana
3305208,Baixadas,Lagos
3305307,Centro Fluminense,Santa Maria Madalena
3305406,Centro Fluminense,Três Rios
3305505,Baixadas,Lagos
3305554,Metropolitana do Rio de Janeiro,Itaguaí
2507903,Mata Paraibana,Sapé
2508000,Sertão Paraibano,Serra do Teixeira
2508109,Sertão Paraibano,Catolé do Rocha
2508208,Agreste Paraibano,Guarabira
2508307,Agreste Paraibano,Campina Grande
2508406,Sertão Paraibano,Sousa
2508505,Borborema,Cariri Ocidental
2508554,Agreste Paraibano,Guarabira
2508604,Mata Paraibana,João Pessoa
2508802,Sertão Paraibano,Sousa
2508901,Mata Paraibana,Litoral Norte
2509008,Sertão Paraibano,Serra do Teixeira
2509057,Mata Paraibana,Litoral Norte
2509107,Mata Paraibana,Sapé
2509156,Sertão Paraibano,Sousa
2509206,Agreste Paraibano,Campina Grande
2509305,Mata Paraibana,Litoral Norte
2509339,Agreste Paraibano,Brejo Paraibano
2509370,Sertão Paraibano,Catolé do Rocha
2509396,Sertão Paraibano,Serra do Teixeira
2509404,Agreste Paraibano,Itabaiana
2509503,Agreste Paraibano,Esperança
2509602,Sertão Paraibano,Cajazeiras
2509701,Borborema,Cariri Ocidental
2509800,Agreste Paraibano,Guarabira
2202133,Sudeste Piauiense,Alto Médio Canindé
2202174,Norte Piauiense,Baixo Parnaíba Piauiense
2202208,Centro-Norte Piauiense,Campo Maior
2202251,Sudoeste Piauiense,Floriano
2202307,Sudoeste Piauiense,São Raimundo Nonato
2202406,Centro-Norte Piauiense,Campo Maior
2202455,Sudeste Piauiense,Alto Médio Canindé
2202505,Sudoeste Piauiense,São Raimundo Nonato
2202539,Norte Piauiense,Litoral Piauiense
2202554,Sudeste Piauiense,Alto Médio Canindé
2202604,Centro-Norte Piauiense,Campo Maior
2202653,Norte Piauiense,Litoral Piauiense
2202703,Norte Piauiense,Litoral Piauiense
2202711,Centro-Norte Piauiense,Campo Maior
2202729,Norte Piauiense,Litoral Piauiense
2202737,Centro-Norte Piauiense,Teresina
2202752,Sudoeste Piauiense,Bertolínia
2202778,Sudeste Piauiense,Picos
2202802,Sudeste Piauiense,Alto Médio Canindé
2202851,Sudoeste Piauiense,São Raimundo Nonato
2202901,Sudoeste Piauiense,Chapadas do Extremo Sul Piauiense
2203008,Sudoeste Piauiense,Chapadas do Extremo Sul Piauiense
2203107,Sudoeste Piauiense,Alto Médio Gurguéia
4111506,Norte Central Paranaense,Ivaiporã
4111555,Noroeste Paranaense,Umuarama
4111605,Norte Central Paranaense,Floraí
4111704,Norte Pioneiro Paranaense,Ibaiti
4111803,Norte Pioneiro Paranaense,Jacarezinho
4111902,Norte Central Paranaense,Astorga
4112009,Centro Oriental Paranaense,Jaguariaíva
4112108,Norte Central Paranaense,Apucarana
4112207,Centro Ocidental Paranaense,Goioerê
4112306,Norte Pioneiro Paranaense,Ibaiti
4112405,Noroeste Paranaense,Cianorte
4112504,Norte Central Paranaense,Ivaiporã
4112603,Noroeste Paranaense,Paranavaí
4112702,Norte Pioneiro Paranaense,Assaí
4112751,Oeste Paranaense,Toledo
4112801,Norte Pioneiro Paranaense,Wenceslau Braz
4112900,Norte Pioneiro Paranaense,Jacarezinho
4112959,Centro Ocidental Paranaense,Goioerê
4113007,Noroeste Paranaense,Cianorte
4113106,Norte Central Paranaense,Faxinal
4113205,Metropolitana de Curitiba,Lapa
4113254,Centro-Sul Paranaense,Pitanga
4113304,Centro-Sul Paranaense,Guarapuava
3305604,Baixadas,Bacia de São João
3305703,Centro Fluminense,Nova Friburgo
3305752,Metropolitana do Rio de Janeiro,Rio de Janeiro
3305802,Metropolitana do Rio de Janeiro,Serrana
3305901,Centro Fluminense,Santa Maria Madalena
3306008,Centro Fluminense,Três Rios
3306107,Sul Fluminense,Barra do Piraí
3306156,Noroeste Fluminense,Itaperuna
3306206,Metropolitana do Rio de Janeiro,Vassouras
3306305,Sul Fluminense,Vale do Paraíba Fluminense
2400109,Central Potiguar,Seridó Oriental
2400208,Oeste Potiguar,Vale do Açu
2400307,Central Potiguar,Angicos
2400406,Oeste Potiguar,Serra de São Miguel
2400505,Oeste Potiguar,Pau dos Ferros
2400604,Oeste Potiguar,Umarizal
2400703,Oeste Potiguar,Vale do Açu
2400802,Central Potiguar,Angicos
2509909,Agreste Paraibano,Umbuzeiro
2510006,Sertão Paraibano,Sousa
2510105,Agreste Paraibano,Curimataú Ocidental
2510204,Sertão Paraibano,Piancó
2510303,Borborema,Seridó Oriental Paraibano
2510501,Agreste Paraibano,Curimataú Ocidental
2510600,Borborema,Cariri Ocidental
2510659,Borborema,Cariri Ocidental
2510709,Sertão Paraibano,Patos
2510808,Sertão Paraibano,Patos
2510907,Sertão Paraibano,Sousa
2511004,Sertão Paraibano,Itaporanga
2511103,Borborema,Seridó Oriental Paraibano
2511202,Mata Paraibana,Litoral Sul
2512721,Mata Paraibana,Litoral Norte
2511301,Sertão Paraibano,Piancó
2511400,Borborema,Seridó Oriental Paraibano
2511509,Mata Paraibana,Sapé
2511608,Agreste Paraibano,Brejo Paraibano
2511707,Agreste Paraibano,Guarabira
2511806,Agreste Paraibano,Guarabira
2511905,Mata Paraibana,Litoral Sul
2512002,Agreste Paraibano,Curimataú Ocidental
2512036,Sertão Paraibano,Cajazeiras
2203206,Sudoeste Piauiense,Chapadas do Extremo Sul Piauiense
2203230,Sudoeste Piauiense,Alto Médio Gurguéia
2203271,Sudeste Piauiense,Alto Médio Canindé
2203255,Centro-Norte Piauiense,Teresina
2203305,Centro-Norte Piauiense,Teresina
2203354,Sudoeste Piauiense,São Raimundo Nonato
2203404,Sudeste Piauiense,Picos
2203453,Sudoeste Piauiense,São Raimundo Nonato
2203420,Centro-Norte Piauiense,Campo Maior
2203503,Centro-Norte Piauiense,Valença do Piauí
2203602,Sudoeste Piauiense,Bertolínia
2203701,Norte Piauiense,Baixo Parnaíba Piauiense
2203750,Sudoeste Piauiense,São Raimundo Nonato
2203800,Sudoeste Piauiense,Floriano
2203859,Sudeste Piauiense,Alto Médio Canindé
2203909,Sudoeste Piauiense,Floriano
2204006,Centro-Norte Piauiense,Valença do Piauí
2204105,Centro-Norte Piauiense,Médio Parnaíba Piauiense
2204154,Sudeste Piauiense,Alto Médio Canindé
2204204,Sudeste Piauiense,Pio Ix
2204303,Sudeste Piauiense,Alto Médio Canindé
2204352,Sudeste Piauiense,Picos
2204402,Sudoeste Piauiense,Alto Médio Gurguéia
4113403,Norte Pioneiro Paranaense,Cornélio Procópio
4113429,Norte Central Paranaense,Ivaiporã
4113452,Oeste Paranaense,Cascavel
4113502,Noroeste Paranaense,Paranavaí
4113601,Norte Central Paranaense,Astorga
4113700,Norte Central Paranaense,Londrina
4113734,Centro Ocidental Paranaense,Campo Mourão
4113759,Norte Central Paranaense,Ivaiporã
4113809,Norte Central Paranaense,Astorga
4113908,Sudeste Paranaense,Irati
4114005,Centro Ocidental Paranaense,Campo Mourão
4114104,Norte Central Paranaense,Astorga
4114203,Norte Central Paranaense,Maringá
4114302,Metropolitana de Curitiba,Curitiba
4114351,Sudoeste Paranaense,Francisco Beltrão
4114401,Centro-Sul Paranaense,Palmas
4114500,Norte Central Paranaense,Ivaiporã
4114609,Oeste Paranaense,Toledo
2400901,Oeste Potiguar,Umarizal
2401008,Oeste Potiguar,Chapada do Apodi
2401107,Oeste Potiguar,Mossoró
2401404,Leste Potiguar,Litoral Sul
2401453,Oeste Potiguar,Mossoró
2401503,Agreste Potiguar,Borborema Potiguar
2401602,Agreste Potiguar,Baixa Verde
2401651,Central Potiguar,Serra de Santana
2401701,Agreste Potiguar,Agreste Potiguar
2401800,Agreste Potiguar,Agreste Potiguar
2401859,Central Potiguar,Macau
2401909,Central Potiguar,Angicos
2402006,Central Potiguar,Seridó Ocidental
2402105,Agreste Potiguar,Borborema Potiguar
2402204,Leste Potiguar,Litoral Sul
2402303,Oeste Potiguar,Chapada do Apodi
2402402,Central Potiguar,Seridó Oriental
2402501,Oeste Potiguar,Vale do Açu
2402600,Leste Potiguar,Macaíba
2402709,Central Potiguar,Serra de Santana
2402808,Agreste Potiguar,Borborema Potiguar
2512077,Sertão Paraibano,Cajazeiras
2512101,Sertão Paraibano,Sousa
2512200,Borborema,Cariri Ocidental
2512309,Sertão Paraibano,Serra do Teixeira
2512408,Agreste Paraibano,Campina Grande
2512507,Agreste Paraibano,Campina Grande
2512606,Sertão Paraibano,Patos
2512705,Agreste Paraibano,Curimataú Ocidental
2512747,Agreste Paraibano,Curimataú Oriental
2512754,Agreste Paraibano,Itabaiana
2512762,Mata Paraibana,Sapé
2512788,Borborema,Cariri Oriental
2512804,Sertão Paraibano,Catolé do Rocha
2512903,Mata Paraibana,Litoral Norte
2513000,Borborema,Seridó Ocidental Paraibano
2513109,Agreste Paraibano,Itabaiana
2513158,Agreste Paraibano,Umbuzeiro
2513208,Sertão Paraibano,Sousa
2513307,Sertão Paraibano,Cajazeiras
2513356,Sertão Paraibano,Itaporanga
2513406,Borborema,Seridó Ocidental Paraibano
2513703,Mata Paraibana,João Pessoa
2513802,Sertão Paraibano,Patos
2204501,Sudoeste Piauiense,Floriano
2204550,Sudoeste Piauiense,São Raimundo Nonato
2204600,Centro-Norte Piauiense,Médio Parnaíba Piauiense
2204659,Norte Piauiense,Litoral Piauiense
2204709,Centro-Norte Piauiense,Valença do Piauí
2204808,Sudeste Piauiense,Picos
2204907,Sudeste Piauiense,Alto Médio Canindé
2205003,Sudeste Piauiense,Alto Médio Canindé
2205102,Sudoeste Piauiense,Floriano
2205151,Sudeste Piauiense,Alto Médio Canindé
2205201,Sudeste Piauiense,Alto Médio Canindé
2205250,Centro-Norte Piauiense,Médio Parnaíba Piauiense
2205276,Centro-Norte Piauiense,Campo Maior
2205300,Sudoeste Piauiense,Floriano
2205359,Sudeste Piauiense,Alto Médio Canindé
2205409,Norte Piauiense,Baixo Parnaíba Piauiense
2205458,Norte Piauiense,Baixo Parnaíba Piauiense
2205508,Centro-Norte Piauiense,Teresina
2205516,Centro-Norte Piauiense,Campo Maior
2205524,Sudoeste Piauiense,Chapadas do Extremo Sul Piauiense
2205532,Sudoeste Piauiense,São Raimundo Nonato
2205557,Centro-Norte Piauiense,Teresina
2205573,Centro-Norte Piauiense,Campo Maior
2205565,Sudeste Piauiense,Alto Médio Canindé
4114708,Noroeste Paranaense,Umuarama
4114807,Norte Central Paranaense,Maringá
4114906,Norte Central Paranaense,Apucarana
4115002,Noroeste Paranaense,Paranavaí
4115101,Noroeste Paranaense,Umuarama
4115200,Norte Central Paranaense,Maringá
4115309,Sudoeste Paranaense,Pato Branco
4115358,Oeste Paranaense,Toledo
4115408,Sudoeste Paranaense,Francisco Beltrão
4115457,Centro-Sul Paranaense,Guarapuava
4115507,Norte Central Paranaense,Faxinal
4115606,Oeste Paranaense,Foz do Iguaçu
4115705,Metropolitana de Curitiba,Paranaguá
4115739,Centro-Sul Paranaense,Pitanga
4115754,Norte Central Paranaense,Apucarana
4115804,Oeste Paranaense,Foz do Iguaçu
4115853,Oeste Paranaense,Toledo
2402907,Oeste Potiguar,Serra de São Miguel
2403004,Central Potiguar,Seridó Oriental
2403103,Central Potiguar,Seridó Oriental
2403202,Oeste Potiguar,Serra de São Miguel
2403301,Oeste Potiguar,Serra de São Miguel
2403400,Central Potiguar,Seridó Oriental
2403509,Leste Potiguar,Litoral Sul
2403608,Leste Potiguar,Natal
2403707,Oeste Potiguar,Chapada do Apodi
2403756,Central Potiguar,Angicos
2403806,Central Potiguar,Serra de Santana
2403905,Oeste Potiguar,Pau dos Ferros
2404002,Oeste Potiguar,Umarizal
2404101,Central Potiguar,Macau
2404200,Leste Potiguar,Litoral Sul
2404309,Oeste Potiguar,Chapada do Apodi
2404408,Oeste Potiguar,Mossoró
2404507,Central Potiguar,Macau
2404606,Agreste Potiguar,Agreste Potiguar
2404705,Oeste Potiguar,Vale do Açu
2404804,Central Potiguar,Seridó Ocidental
2404853,Oeste Potiguar,Vale do Açu
2404903,Oeste Potiguar,Pau dos Ferros
2513505,Sertão Paraibano,Itaporanga
2513604,Sertão Paraibano,Piancó
2513851,Borborema,Cariri Oriental
2513927,Sertão Paraibano,Sousa
2513901,Sertão Paraibano,Catolé do Rocha
2513968,Sertão Paraibano,Sousa
2513943,Borborema,Cariri Oriental
2513984,Sertão Paraibano,Sousa
2514008,Borborema,Cariri Oriental
2500700,Sertão Paraibano,Cajazeiras
2514107,Borborema,Cariri Ocidental
2514206,Sertão Paraibano,Sousa
2514305,Sertão Paraibano,Itaporanga
2514404,Sertão Paraibano,Patos
2514503,Sertão Paraibano,Cajazeiras
2514552,Sertão Paraibano,Serra do Teixeira
2514602,Sertão Paraibano,Patos
2514651,Sertão Paraibano,Catolé do Rocha
2514701,Borborema,Seridó Ocidental Paraibano
2514800,Borborema,Cariri Ocidental
2514453,Mata Paraibana,Sapé
2514909,Borborema,Seridó Ocidental Paraibano
2515005,Mata Paraibana,Sapé
2205581,Centro-Norte Piauiense,Teresina
2205599,Centro-Norte Piauiense,Valença do Piauí
2205540,Centro-Norte Piauiense,Médio Parnaíba Piauiense
2205607,Sudoeste Piauiense,Bertolínia
2205706,Norte Piauiense,Litoral Piauiense
2205805,Norte Piauiense,Baixo Parnaíba Piauiense
2205854,Norte Piauiense,Baixo Parnaíba Piauiense
2205904,Sudoeste Piauiense,Bertolínia
2205953,Sudeste Piauiense,Alto Médio Canindé
2206001,Sudoeste Piauiense,Bertolínia
2206050,Sudeste Piauiense,Alto Médio Canindé
2206100,Norte Piauiense,Baixo Parnaíba Piauiense
2206209,Norte Piauiense,Baixo Parnaíba Piauiense
2206308,Centro-Norte Piauiense,Teresina
2206357,Centro-Norte Piauiense,Campo Maior
2206407,Centro-Norte Piauiense,Teresina
2206506,Sudeste Piauiense,Pio Ix
2206605,Sudoeste Piauiense,Alto Médio Gurguéia
2206654,Sudoeste Piauiense,Chapadas do Extremo Sul Piauiense
2206670,Norte Piauiense,Baixo Parnaíba Piauiense
2206696,Norte Piauiense,Litoral Piauiense
2206704,Sudoeste Piauiense,Floriano
2206720,Centro-Norte Piauiense,Teresina
4115903,Noroeste Paranaense,Paranavaí
4116000,Norte Central Paranaense,Porecatu
4116059,Oeste Paranaense,Foz do Iguaçu
4116109,Centro Ocidental Paranaense,Goioerê
4116208,Metropolitana de Curitiba,Paranaguá
4116307,Norte Central Paranaense,Astorga
4116406,Norte Central Paranaense,Astorga
4116505,Noroeste Paranaense,Paranavaí
4116604,Norte Pioneiro Paranaense,Cornélio Procópio
4116703,Oeste Paranaense,Cascavel
4116802,Centro Ocidental Paranaense,Goioerê
4116901,Norte Central Paranaense,Astorga
4116950,Sudoeste Paranaense,Francisco Beltrão
4117008,Norte Pioneiro Paranaense,Cornélio Procópio
4117057,Centro-Sul Paranaense,Guarapuava
4117107,Noroeste Paranaense,Paranavaí
4117206,Noroeste Paranaense,Umuarama
4117255,Sudoeste Paranaense,Francisco Beltrão
4117214,Norte Pioneiro Paranaense,Assaí
4117222,Oeste Paranaense,Toledo
4117271,Norte Central Paranaense,Ivaiporã
2405009,Agreste Potiguar,Borborema Potiguar
2405108,Agreste Potiguar,Baixa Verde
2405207,Oeste Potiguar,Médio Oeste
2405405,Agreste Potiguar,Borborema Potiguar
2405504,Central Potiguar,Angicos
2405603,Central Potiguar,Seridó Ocidental
2405702,Central Potiguar,Seridó Oriental
2405801,Agreste Potiguar,Baixa Verde
2405900,Oeste Potiguar,Umarizal
2406007,Oeste Potiguar,Pau dos Ferros
2406106,Oeste Potiguar,Vale do Açu
2406155,Agreste Potiguar,Agreste Potiguar
2406304,Agreste Potiguar,Agreste Potiguar
2406403,Agreste Potiguar,Borborema Potiguar
2406502,Central Potiguar,Serra de Santana
2406601,Agreste Potiguar,Agreste Potiguar
2406700,Central Potiguar,Angicos
2406809,Agreste Potiguar,Borborema Potiguar
2406908,Oeste Potiguar,Umarizal
2407005,Oeste Potiguar,Serra de São Miguel
2407104,Leste Potiguar,Macaíba
2407203,Central Potiguar,Macau
2515104,Agreste Paraibano,Esperança
2515203,Borborema,Cariri Ocidental
2515302,Mata Paraibana,Sapé
2515500,Borborema,Cariri Ocidental
2515609,Agreste Paraibano,Guarabira
2515708,Sertão Paraibano,Itaporanga
2515807,Agreste Paraibano,Campina Grande
2515906,Agreste Paraibano,Brejo Paraibano
2515930,Agreste Paraibano,Guarabira
2515971,Mata Paraibana,Sapé
2516003,Agreste Paraibano,Curimataú Oriental
2516102,Agreste Paraibano,Curimataú Ocidental
2516151,Agreste Paraibano,Curimataú Ocidental
2516201,Sertão Paraibano,Sousa
2516300,Borborema,Cariri Ocidental
2516409,Agreste Paraibano,Curimataú Oriental
2516508,Borborema,Cariri Ocidental
2516607,Sertão Paraibano,Serra do Teixeira
2516706,Sertão Paraibano,Serra do Teixeira
2516755,Borborema,Seridó Oriental Paraibano
2516805,Sertão Paraibano,Cajazeiras
2516904,Sertão Paraibano,Cajazeiras
2517001,Agreste Paraibano,Umbuzeiro
2517100,Borborema,Seridó Ocidental Paraibano
2206753,Centro-Norte Piauiense,Campo Maior
2206803,Norte Piauiense,Baixo Parnaíba Piauiense
2207959,Sudeste Piauiense,Alto Médio Canindé
2206902,Centro-Norte Piauiense,Valença do Piauí
2206951,Centro-Norte Piauiense,Campo Maior
2207009,Sudeste Piauiense,Picos
2207207,Sudeste Piauiense,Alto Médio Canindé
2207306,Sudeste Piauiense,Alto Médio Canindé
2207355,Sudoeste Piauiense,São Raimundo Nonato
2207405,Sudoeste Piauiense,Alto Médio Gurguéia
2207504,Centro-Norte Piauiense,Médio Parnaíba Piauiense
2207553,Sudeste Piauiense,Picos
2207603,Sudoeste Piauiense,Chapadas do Extremo Sul Piauiense
2207702,Norte Piauiense,Litoral Piauiense
2207751,Centro-Norte Piauiense,Médio Parnaíba Piauiense
2207777,Sudeste Piauiense,Alto Médio Canindé
2207801,Sudeste Piauiense,Alto Médio Canindé
2207850,Sudoeste Piauiense,Floriano
2207900,Centro-Norte Piauiense,Campo Maior
2207934,Sudeste Piauiense,Alto Médio Canindé
2208007,Sudeste Piauiense,Picos
4117297,Norte Central Paranaense,Apucarana
4117305,Centro Oriental Paranaense,Telêmaco Borba
4117404,Norte Central Paranaense,Floraí
4117453,Oeste Paranaense,Toledo
4117503,Norte Central Paranaense,Maringá
4117602,Centro-Sul Paranaense,Palmas
4117701,Centro Oriental Paranaense,Ponta Grossa
4117800,Centro-Sul Paranaense,Pitanga
4117909,Oeste Paranaense,Toledo
4118006,Noroeste Paranaense,Paranavaí
4118105,Noroeste Paranaense,Paranavaí
4118204,Metropolitana de Curitiba,Paranaguá
4118303,Noroeste Paranaense,Paranavaí
4118402,Noroeste Paranaense,Paranavaí
4118451,Oeste Paranaense,Toledo
4118501,Sudoeste Paranaense,Pato Branco
4118600,Sudeste Paranaense,União da Vitória
4118709,Sudeste Paranaense,União da Vitória
4118808,Centro Ocidental Paranaense,Campo Mourão
2407252,Oeste Potiguar,Serra de São Miguel
2407302,Oeste Potiguar,Pau dos Ferros
2407401,Oeste Potiguar,Umarizal
2407500,Leste Potiguar,Litoral Nordeste
2407609,Oeste Potiguar,Médio Oeste
2407708,Leste Potiguar,Litoral Sul
2407807,Agreste Potiguar,Agreste Potiguar
2407906,Agreste Potiguar,Borborema Potiguar
2408003,Oeste Potiguar,Mossoró
2408102,Leste Potiguar,Natal
2408201,Leste Potiguar,Macaíba
2408300,Agreste Potiguar,Agreste Potiguar
2408508,Central Potiguar,Seridó Oriental
2408607,Oeste Potiguar,Pau dos Ferros
2408706,Oeste Potiguar,Médio Oeste
2408805,Agreste Potiguar,Baixa Verde
2408904,Central Potiguar,Seridó Oriental
2403251,Leste Potiguar,Natal
2409100,Agreste Potiguar,Agreste Potiguar
2409209,Agreste Potiguar,Agreste Potiguar
2517209,Sertão Paraibano,Sousa
2505501,Sertão Paraibano,Sousa
2517407,Borborema,Cariri Ocidental
2600054,Metropolitana de Recife,Recife
2600104,Sertão Pernambucano,Pajeú
2600203,São Francisco Pernambucano,Petrolina
2600302,Agreste Pernambucano,Brejo Pernambucano
2600401,Mata Pernambucana,Mata Meridional Pernambucana
2600500,Agreste Pernambucano,Vale do Ipanema
2600609,Agreste Pernambucano,Vale do Ipojuca
2600708,Mata Pernambucana,Mata Setentrional Pernambucana
2600807,Agreste Pernambucano,Brejo Pernambucano
2600906,Mata Pernambucana,Mata Meridional Pernambucana
2601003,Agreste Pernambucano,Garanhuns
2601052,Metropolitana de Recife,Itamaracá
2601102,Sertão Pernambucano,Araripina
2601201,Sertão Pernambucano,Sertão do Moxotó
2208106,Centro-Norte Piauiense,Valença do Piauí
2208205,Sudeste Piauiense,Pio Ix
2208304,Norte Piauiense,Litoral Piauiense
2208403,Norte Piauiense,Baixo Parnaíba Piauiense
2208502,Norte Piauiense,Baixo Parnaíba Piauiense
2208551,Sudoeste Piauiense,Bertolínia
2208601,Centro-Norte Piauiense,Valença do Piauí
2208650,Sudeste Piauiense,Alto Médio Canindé
2208700,Sudoeste Piauiense,Alto Médio Gurguéia
2208809,Centro-Norte Piauiense,Médio Parnaíba Piauiense
2208858,Sudoeste Piauiense,Chapadas do Extremo Sul Piauiense
2208874,Sudeste Piauiense,Alto Médio Canindé
2208908,Sudoeste Piauiense,Alto Parnaíba Piauiense
2209005,Sudoeste Piauiense,Floriano
2209104,Sudeste Piauiense,Picos
2209153,Centro-Norte Piauiense,Valença do Piauí
2209203,Sudoeste Piauiense,Alto Parnaíba Piauiense
2209302,Sudoeste Piauiense,Alto Médio Gurguéia
2209377,Sudeste Piauiense,Picos
2209351,Sudeste Piauiense,Picos
2209401,Sudeste Piauiense,Pio Ix
2209450,Centro-Norte Piauiense,Médio Parnaíba Piauiense
2209500,Sudeste Piauiense,Alto Médio Canindé
4118857,Noroeste Paranaense,Umuarama
4118907,Noroeste Paranaense,Umuarama
4119103,Metropolitana de Curitiba,Rio Negro
4119152,Metropolitana de Curitiba,Curitiba
4119251,Sudoeste Paranaense,Francisco Beltrão
4119202,Norte Pioneiro Paranaense,Ibaiti
4119301,Centro-Sul Paranaense,Guarapuava
4119400,Centro Oriental Paranaense,Jaguariaíva
4119509,Metropolitana de Curitiba,Curitiba
4119608,Centro-Sul Paranaense,Pitanga
4119657,Norte Central Paranaense,Londrina
4119707,Noroeste Paranaense,Paranavaí
4119806,Sudoeste Paranaense,Capanema
4119905,Centro Oriental Paranaense,Ponta Grossa
4119954,Metropolitana de Curitiba,Paranaguá
4120002,Norte Central Paranaense,Porecatu
4120101,Metropolitana de Curitiba,Lapa
4120150,Centro-Sul Paranaense,Guarapuava
4120200,Noroeste Paranaense,Paranavaí
2409308,Oeste Potiguar,Umarizal
2409407,Oeste Potiguar,Pau dos Ferros
2409506,Leste Potiguar,Litoral Nordeste
2409605,Central Potiguar,Angicos
2409704,Central Potiguar,Angicos
2409803,Leste Potiguar,Litoral Sul
2409902,Oeste Potiguar,Vale do Açu
2410009,Oeste Potiguar,Pau dos Ferros
2410108,Agreste Potiguar,Baixa Verde
2410207,Oeste Potiguar,Pau dos Ferros
2410256,Oeste Potiguar,Vale do Açu
2410405,Leste Potiguar,Litoral Nordeste
2410504,Oeste Potiguar,Pau dos Ferros
2410603,Oeste Potiguar,Umarizal
2410702,Oeste Potiguar,Pau dos Ferros
2410801,Oeste Potiguar,Serra de São Miguel
2410900,Agreste Potiguar,Agreste Potiguar
2408953,Leste Potiguar,Litoral Nordeste
2411007,Oeste Potiguar,Pau dos Ferros
2411106,Agreste Potiguar,Borborema Potiguar
2411205,Agreste Potiguar,Borborema Potiguar
2409332,Agreste Potiguar,Agreste Potiguar
2601300,Agreste Pernambucano,Brejo Pernambucano
2601409,Mata Pernambucana,Mata Meridional Pernambucana
2601508,Mata Pernambucana,Mata Meridional Pernambucana
2601607,São Francisco Pernambucano,Itaparica
2601706,Agreste Pernambucano,Vale do Ipojuca
2601805,Sertão Pernambucano,Sertão do Moxotó
2601904,Agreste Pernambucano,Vale do Ipojuca
2602001,Sertão Pernambucano,Araripina
2602100,Agreste Pernambucano,Garanhuns
2602209,Agreste Pernambucano,Médio Capibaribe
2602308,Agreste Pernambucano,Brejo Pernambucano
2602407,Agreste Pernambucano,Garanhuns
2602506,Sertão Pernambucano,Pajeú
2602605,Agreste Pernambucano,Vale do Ipojuca
2602704,Mata Pernambucana,Mata Setentrional Pernambucana
2602803,Agreste Pernambucano,Vale do Ipanema
2602902,Metropolitana de Recife,Suape
2603009,São Francisco Pernambucano,Petrolina
2603108,Agreste Pernambucano,Vale do Ipojuca
2603207,Agreste Pernambucano,Garanhuns
2209559,Sudoeste Piauiense,São Raimundo Nonato
2209609,Centro-Norte Piauiense,Valença do Piauí
2209658,Sudeste Piauiense,Alto Médio Canindé
2209708,Sudoeste Piauiense,Floriano
2209757,Sudoeste Piauiense,Alto Médio Gurguéia
2209807,Centro-Norte Piauiense,Médio Parnaíba Piauiense
2209856,Sudeste Piauiense,Picos
2209872,Norte Piauiense,Litoral Piauiense
2209906,Centro-Norte Piauiense,Campo Maior
2209955,Sudeste Piauiense,Picos
2209971,Norte Piauiense,Baixo Parnaíba Piauiense
2210003,Sudeste Piauiense,Alto Médio Canindé
2210052,Norte Piauiense,Litoral Piauiense
2210102,Sudoeste Piauiense,Floriano
2210201,Sudeste Piauiense,Picos
2210300,Sudeste Piauiense,Pio Ix
2210359,Sudoeste Piauiense,São Raimundo Nonato
2210375,Sudeste Piauiense,Picos
2210383,Centro-Norte Piauiense,Valença do Piauí
2210391,Sudoeste Piauiense,Floriano
2210409,Centro-Norte Piauiense,Campo Maior
2210508,Centro-Norte Piauiense,Médio Parnaíba Piauiense
4120309,Sudeste Paranaense,União da Vitória
4120333,Norte Central Paranaense,Porecatu
4120358,Sudoeste Paranaense,Capanema
4120408,Norte Central Paranaense,Astorga
4120507,Norte Central Paranaense,Porecatu
4120606,Sudeste Paranaense,Prudentópolis
4120655,Centro Ocidental Paranaense,Goioerê
4120705,Norte Pioneiro Paranaense,Wenceslau Braz
4120804,Metropolitana de Curitiba,Curitiba
4120853,Oeste Paranaense,Toledo
4120903,Centro-Sul Paranaense,Guarapuava
4121000,Noroeste Paranaense,Paranavaí
4121109,Centro Ocidental Paranaense,Campo Mourão
4121208,Metropolitana de Curitiba,Rio Negro
4121257,Oeste Paranaense,Foz do Iguaçu
4121307,Norte Pioneiro Paranaense,Assaí
4121406,Sudoeste Paranaense,Capanema
4121505,Sudeste Paranaense,Irati
4121604,Sudoeste Paranaense,Francisco Beltrão
4121703,Centro Oriental Paranaense,Telêmaco Borba
4121752,Centro-Sul Paranaense,Guarapuava
4121802,Norte Pioneiro Paranaense,Jacarezinho
4121901,Norte Pioneiro Paranaense,Cornélio Procópio
3540853,Presidente Prudente,Adamantina
3540903,Ribeirão Preto,Ribeirão Preto
3541000,Metropolitana de São Paulo,Santos
3541059,Bauru,Botucatu
3541109,Bauru,Bauru
3541208,Presidente Prudente,Presidente Prudente
3541307,Presidente Prudente,Presidente Prudente
3541406,Presidente Prudente,Presidente Prudente
3541505,Presidente Prudente,Presidente Prudente
3541604,Bauru,Lins
3541653,Itapetininga,Tatuí
3541703,Assis,Assis
3541802,Marília,Tupã
1711506,Ocidental do Tocantins,Gurupi
1711803,Ocidental do Tocantins,Miracema do Tocantins
1711902,Ocidental do Tocantins,Rio Formoso
1711951,Oriental do Tocantins,Jalapão
1712009,Oriental do Tocantins,Porto Nacional
1712157,Oriental do Tocantins,Dianópolis
1712405,Oriental do Tocantins,Jalapão
1712454,Ocidental do Tocantins,Bico do Papagaio
1712504,Ocidental do Tocantins,Miracema do Tocantins
1712702,Oriental do Tocantins,Jalapão
1712801,Ocidental do Tocantins,Bico do Papagaio
1713205,Ocidental do Tocantins,Miracema do Tocantins
1713304,Ocidental do Tocantins,Miracema do Tocantins
1713601,Oriental do Tocantins,Porto Nacional
1713700,Ocidental do Tocantins,Miracema do Tocantins
1713957,Ocidental do Tocantins,Araguaína
1714203,Oriental do Tocantins,Dianópolis
1714302,Ocidental do Tocantins,Bico do Papagaio
1714880,Ocidental do Tocantins,Araguaína
1715002,Ocidental do Tocantins,Rio Formoso
1715101,Oriental do Tocantins,Jalapão
1715150,Oriental do Tocantins,Dianópolis
1715259,Oriental do Tocantins,Dianópolis
3541901,Vale do Paraíba Paulista,Guaratinguetá
3542008,Marília,Tupã
3542107,Piracicaba,Piracicaba
3542206,Presidente Prudente,Presidente Prudente
3542305,Vale do Paraíba Paulista,Paraibuna/paraitinga
3542404,Presidente Prudente,Presidente Prudente
3542503,Bauru,Bauru
3542602,Litoral Sul Paulista,Registro
3542701,Ribeirão Preto,Franca
3542800,Itapetininga,Capão Bonito
3542909,Araraquara,São Carlos
3543006,Itapetininga,Capão Bonito
3543105,Ribeirão Preto,Franca
1715507,Ocidental do Tocantins,Rio Formoso
1721000,Oriental do Tocantins,Porto Nacional
1715705,Ocidental do Tocantins,Araguaína
1713809,Ocidental do Tocantins,Bico do Papagaio
1715754,Ocidental do Tocantins,Gurupi
1716109,Ocidental do Tocantins,Rio Formoso
1716208,Oriental do Tocantins,Dianópolis
1716505,Oriental do Tocantins,Porto Nacional
1716604,Ocidental do Tocantins,Gurupi
1716653,Ocidental do Tocantins,Miracema do Tocantins
1717008,Oriental do Tocantins,Dianópolis
1717206,Ocidental do Tocantins,Araguaína
1717503,Ocidental do Tocantins,Rio Formoso
1717800,Oriental do Tocantins,Dianópolis
1717909,Oriental do Tocantins,Jalapão
1718006,Oriental do Tocantins,Dianópolis
1718204,Oriental do Tocantins,Porto Nacional
1718303,Ocidental do Tocantins,Bico do Papagaio
1718402,Ocidental do Tocantins,Miracema do Tocantins
1718451,Ocidental do Tocantins,Rio Formoso
1718501,Oriental do Tocantins,Jalapão
1718550,Ocidental do Tocantins,Bico do Papagaio
3543204,Assis,Ourinhos
3543238,Presidente Prudente,Presidente Prudente
3543253,Itapetininga,Capão Bonito
3543303,Metropolitana de São Paulo,São Paulo
3543402,Ribeirão Preto,Ribeirão Preto
3543600,Ribeirão Preto,Franca
3543709,Araraquara,Araraquara
3543808,Presidente Prudente,Adamantina
3543907,Piracicaba,Rio Claro
3544004,Piracicaba,Piracicaba
3544103,Metropolitana de São Paulo,São Paulo
3544202,São José do Rio Preto,Votuporanga
3543501,Itapetininga,Itapeva
3544251,Presidente Prudente,Presidente Prudente
1718659,Oriental do Tocantins,Dianópolis
1718709,Ocidental do Tocantins,Miracema do Tocantins
1718758,Oriental do Tocantins,Jalapão
1718808,Ocidental do Tocantins,Bico do Papagaio
1718840,Ocidental do Tocantins,Rio Formoso
1718865,Ocidental do Tocantins,Araguaína
1718881,Oriental do Tocantins,Porto Nacional
1718899,Ocidental do Tocantins,Gurupi
1718907,Oriental do Tocantins,Dianópolis
1719004,Oriental do Tocantins,Jalapão
1720002,Ocidental do Tocantins,Bico do Papagaio
1720101,Ocidental do Tocantins,Bico do Papagaio
1720150,Oriental do Tocantins,Jalapão
1720200,Ocidental do Tocantins,Bico do Papagaio
1720259,Ocidental do Tocantins,Gurupi
1720309,Ocidental do Tocantins,Bico do Papagaio
1720655,Oriental do Tocantins,Porto Nacional
1720804,Ocidental do Tocantins,Bico do Papagaio
1720853,Ocidental do Tocantins,Gurupi
1720903,Oriental do Tocantins,Dianópolis
1720937,Oriental do Tocantins,Dianópolis
3544301,Vale do Paraíba Paulista,Guaratinguetá
3544400,Araçatuba,Araçatuba
3544509,São José do Rio Preto,Jales
3544608,Bauru,Lins
3544707,Presidente Prudente,Adamantina
3544806,São José do Rio Preto,Novo Horizonte
3544905,Ribeirão Preto,São Joaquim da Barra
3545001,Metropolitana de São Paulo,Moji das Cruzes
3545100,Presidente Prudente,Adamantina
3545159,Piracicaba,Piracicaba
3545209,Macro Metropolitana Paulista,Sorocaba
3545308,Macro Metropolitana Paulista,Sorocaba
3545407,Assis,Ourinhos
3545506,Presidente Prudente,Presidente Prudente
3545605,São José do Rio Preto,Catanduva
3545704,São José do Rio Preto,Jales
1720978,Ocidental do Tocantins,Gurupi
1721109,Oriental do Tocantins,Porto Nacional
1721208,Ocidental do Tocantins,Bico do Papagaio
1721257,Ocidental do Tocantins,Miracema do Tocantins
1721307,Ocidental do Tocantins,Miracema do Tocantins
1722081,Ocidental do Tocantins,Araguaína
1722107,Ocidental do Tocantins,Araguaína
3546009,Vale do Paraíba Paulista,São José dos Campos
3546207,Piracicaba,Limeira
3546256,Ribeirão Preto,Batatais
3546306,Campinas,Piraçununga
3546405,Assis,Ourinhos
3546504,Ribeirão Preto,Jaboticabal
3546603,São José do Rio Preto,Jales
3546702,Piracicaba,Limeira
3546801,Metropolitana de São Paulo,Guarulhos
3546900,Araraquara,Araraquara
3547007,Piracicaba,Piracicaba
3547106,Presidente Prudente,Dracena
3547502,Ribeirão Preto,Ribeirão Preto
3547601,Ribeirão Preto,Ribeirão Preto
3547650,São José do Rio Preto,Jales
3547205,São José do Rio Preto,Jales
3547304,Metropolitana de São Paulo,Osasco
3547700,Presidente Prudente,Presidente Prudente
3547809,Metropolitana de São Paulo,São Paulo
3547908,Ribeirão Preto,Batatais
3548005,Campinas,Moji-Mirim
3548054,Araçatuba,Araçatuba
3548104,Campinas,São João da Boa Vista
3548203,Vale do Paraíba Paulista,Campos do Jordão
3548302,Presidente Prudente,Presidente Prudente
3548401,Araçatuba,Birigui
3548500,Metropolitana de São Paulo,Santos
3528601,Assis,Ourinhos
3528700,Presidente Prudente,Presidente Prudente
3528809,Assis,Assis
3528858,São José do Rio Preto,Novo Horizonte
3528908,Presidente Prudente,Adamantina
3529005,Marília,Marília
3529104,São José do Rio Preto,Jales
3529203,Presidente Prudente,Presidente Prudente
3529302,Araraquara,Araraquara
3529401,Metropolitana de São Paulo,São Paulo
3529500,São José do Rio Preto,São José do Rio Preto
3548609,Vale do Paraíba Paulista,Campos do Jordão
3548708,Metropolitana de São Paulo,São Paulo
3548807,Metropolitana de São Paulo,São Paulo
3548906,Araraquara,São Carlos
3549003,São José do Rio Preto,Jales
3549102,Campinas,São João da Boa Vista
3549201,São José do Rio Preto,Fernandópolis
3549250,São José do Rio Preto,Auriflama
3549409,Ribeirão Preto,São Joaquim da Barra
3549508,Ribeirão Preto,Franca
3549607,Vale do Paraíba Paulista,Bananal
3549706,Campinas,São João da Boa Vista
3549805,São José do Rio Preto,São José do Rio Preto
3529609,São José do Rio Preto,Fernandópolis
3529658,São José do Rio Preto,Jales
3529708,Ribeirão Preto,São Joaquim da Barra
3529807,Bauru,Jaú
3530003,São José do Rio Preto,Fernandópolis
3529906,Litoral Sul Paulista,Registro
3530102,Araçatuba,Andradina
3530201,Presidente Prudente,Presidente Prudente
3530300,São José do Rio Preto,São José do Rio Preto
3530409,São José do Rio Preto,São José do Rio Preto
3530508,Campinas,São João da Boa Vista
3530607,Metropolitana de São Paulo,Moji das Cruzes
3530706,Campinas,Moji-Mirim
3549904,Vale do Paraíba Paulista,São José dos Campos
3549953,Metropolitana de São Paulo,Itapecerica da Serra
3550100,Bauru,Botucatu
3550209,Macro Metropolitana Paulista,Piedade
3550308,Metropolitana de São Paulo,São Paulo
3550407,Piracicaba,Piracicaba
3550506,Assis,Ourinhos
3550605,Macro Metropolitana Paulista,Sorocaba
3550704,Vale do Paraíba Paulista,Caraguatatuba
3550803,Campinas,São João da Boa Vista
3530904,Piracicaba,Piracicaba
3531001,São José do Rio Preto,Nhandeara
3531100,Litoral Sul Paulista,Itanhaém
3531209,Campinas,Amparo
3531308,Ribeirão Preto,Jaboticabal
3531407,São José do Rio Preto,Nhandeara
3531506,Ribeirão Preto,Jaboticabal
3531605,Presidente Prudente,Dracena
3531803,Campinas,Campinas
3531704,Vale do Paraíba Paulista,Campos do Jordão
3531902,Ribeirão Preto,São Joaquim da Barra
3532009,Macro Metropolitana Paulista,Bragança Paulista
3532058,Araraquara,Araraquara
3532108,Araçatuba,Andradina
3532157,Assis,Assis
3532207,Presidente Prudente,Presidente Prudente
3532306,Vale do Paraíba Paulista,Paraibuna/paraitinga
3550902,Ribeirão Preto,Ribeirão Preto
3551009,Metropolitana de São Paulo,Santos
3551108,Macro Metropolitana Paulista,Sorocaba
3551207,Assis,Ourinhos
3551306,São José do Rio Preto,Nhandeara
3551405,Ribeirão Preto,Ribeirão Preto
3551603,Campinas,Amparo
3551504,Ribeirão Preto,Ribeirão Preto
3551702,Ribeirão Preto,Ribeirão Preto
3551801,Litoral Sul Paulista,Registro
3551900,São José do Rio Preto,Catanduva
3552007,Vale do Paraíba Paulista,Bananal
3552106,Campinas,Amparo
3552205,Macro Metropolitana Paulista,Sorocaba
3552304,Araçatuba,Andradina
3552403,Campinas,Campinas
3552551,Araçatuba,Andradina
3532405,Macro Metropolitana Paulista,Bragança Paulista
3532504,São José do Rio Preto,Nhandeara
3532603,São José do Rio Preto,Nhandeara
3532702,São José do Rio Preto,Nhandeara
3532801,São José do Rio Preto,São José do Rio Preto
3532827,Itapetininga,Itapeva
3532843,São José do Rio Preto,Jales
3532868,São José do Rio Preto,Auriflama
3532900,Araraquara,Araraquara
3533007,São José do Rio Preto,São José do Rio Preto
3533106,Presidente Prudente,Dracena
3533205,Araçatuba,Andradina
3533304,São José do Rio Preto,Auriflama
3533403,Campinas,Campinas
3552502,Metropolitana de São Paulo,Moji das Cruzes
3552601,São José do Rio Preto,Catanduva
3552700,Araraquara,Araraquara
3552809,Metropolitana de São Paulo,Itapecerica da Serra
3552908,Presidente Prudente,Presidente Prudente
3553005,Assis,Ourinhos
3553104,Ribeirão Preto,Jaboticabal
3553203,Ribeirão Preto,Jaboticabal
3553302,Campinas,São João da Boa Vista
3553401,São José do Rio Preto,São José do Rio Preto
3553500,Macro Metropolitana Paulista,Piedade
3553609,Campinas,São João da Boa Vista
3553658,Ribeirão Preto,Jaboticabal
3553708,Ribeirão Preto,Jaboticabal
3533254,São José do Rio Preto,Catanduva
3533502,São José do Rio Preto,Novo Horizonte
3533601,Ribeirão Preto,São Joaquim da Barra
3533700,Marília,Marília
3533809,Assis,Ourinhos
3533908,São José do Rio Preto,São José do Rio Preto
3534005,São José do Rio Preto,São José do Rio Preto
3534104,Marília,Marília
3534203,São José do Rio Preto,São José do Rio Preto
3534302,Ribeirão Preto,São Joaquim da Barra
3534401,Metropolitana de São Paulo,Osasco
3534500,Marília,Marília
3534609,Presidente Prudente,Adamantina
3553807,Itapetininga,Itapeva
3553856,Itapetininga,Itapeva
3553906,Presidente Prudente,Presidente Prudente
3553955,Assis,Assis
3554003,Itapetininga,Tatuí
3554102,Vale do Paraíba Paulista,São José dos Campos
3554201,Assis,Ourinhos
3554300,Presidente Prudente,Presidente Prudente
3554409,Ribeirão Preto,Jaboticabal
3554508,Piracicaba,Piracicaba
3554607,Assis,Ourinhos
3554656,Itapetininga,Tatuí
3554706,Piracicaba,Rio Claro
3554755,Araraquara,Araraquara
3554805,Vale do Paraíba Paulista,São José dos Campos
3534708,Assis,Ourinhos
3534807,Presidente Prudente,Dracena
3534757,São José do Rio Preto,Fernandópolis
3534906,Presidente Prudente,Adamantina
3535002,São José do Rio Preto,São José do Rio Preto
3535101,São José do Rio Preto,Catanduva
3535309,Assis,Assis
3535408,Presidente Prudente,Dracena
3535507,Assis,Assis
3535606,Vale do Paraíba Paulista,Paraibuna/paraitinga
3535705,São José do Rio Preto,Catanduva
3554904,São José do Rio Preto,Jales
3554953,Macro Metropolitana Paulista,Bragança Paulista
3555000,Marília,Tupã
3555109,Presidente Prudente,Dracena
3555208,Araçatuba,Birigui
3555307,São José do Rio Preto,Fernandópolis
3555356,São José do Rio Preto,São José do Rio Preto
3555406,Vale do Paraíba Paulista,Caraguatatuba
3555505,Bauru,Bauru
3555604,São José do Rio Preto,São José do Rio Preto
3555703,São José do Rio Preto,Nhandeara
3535804,Bauru,Avaré
3535903,São José do Rio Preto,Jales
3536000,Presidente Prudente,Adamantina
3536109,Bauru,Botucatu
3536208,Litoral Sul Paulista,Registro
3536257,São José do Rio Preto,Votuporanga
3536307,Ribeirão Preto,Franca
3536406,Presidente Prudente,Dracena
3536505,Campinas,Campinas
3536570,Bauru,Bauru
3536604,São José do Rio Preto,São José do Rio Preto
3536703,Bauru,Jaú
3536802,Campinas,Amparo
3536901,São José do Rio Preto,Fernandópolis
3555802,São José do Rio Preto,Jales
3555901,Bauru,Bauru
3556008,São José do Rio Preto,Novo Horizonte
3556107,São José do Rio Preto,Votuporanga
3556206,Campinas,Campinas
3556305,Araçatuba,Araçatuba
3556354,Macro Metropolitana Paulista,Bragança Paulista
3556404,Campinas,São João da Boa Vista
3556453,Metropolitana de São Paulo,Itapecerica da Serra
3556503,Macro Metropolitana Paulista,Jundiaí
3556602,Marília,Marília
3556701,Campinas,Campinas
3556800,Ribeirão Preto,Jaboticabal
3556909,Ribeirão Preto,Jaboticabal
3556958,São José do Rio Preto,Jales
3537008,Ribeirão Preto,Franca
3537107,Campinas,Campinas
3537156,Assis,Assis
3537206,Litoral Sul Paulista,Itanhaém
3537305,Araçatuba,Birigui
3537404,Araçatuba,Andradina
3537503,Itapetininga,Tatuí
3537602,Litoral Sul Paulista,Itanhaém
3537701,Araçatuba,Birigui
3537800,Macro Metropolitana Paulista,Piedade
3537909,Macro Metropolitana Paulista,Piedade
3538006,Vale do Paraíba Paulista,São José dos Campos
3538105,São José do Rio Preto,Catanduva
3557006,Macro Metropolitana Paulista,Sorocaba
3557105,São José do Rio Preto,Votuporanga
3557154,São José do Rio Preto,São José do Rio Preto
1700251,Ocidental do Tocantins,Miracema do Tocantins
1700301,Ocidental do Tocantins,Bico do Papagaio
1700350,Ocidental do Tocantins,Gurupi
1700400,Oriental do Tocantins,Dianópolis
1700707,Ocidental do Tocantins,Gurupi
1701002,Ocidental do Tocantins,Bico do Papagaio
1701051,Ocidental do Tocantins,Bico do Papagaio
1701101,Oriental do Tocantins,Porto Nacional
1701309,Ocidental do Tocantins,Araguaína
1701903,Ocidental do Tocantins,Miracema do Tocantins
1702000,Ocidental do Tocantins,Rio Formoso
1702109,Ocidental do Tocantins,Araguaína
1702158,Ocidental do Tocantins,Araguaína
1702208,Ocidental do Tocantins,Bico do Papagaio
1702307,Ocidental do Tocantins,Araguaína
1702406,Oriental do Tocantins,Dianópolis
1702554,Ocidental do Tocantins,Bico do Papagaio
3538204,Campinas,Amparo
3538303,Presidente Prudente,Presidente Prudente
3538501,Vale do Paraíba Paulista,Guaratinguetá
3538600,Macro Metropolitana Paulista,Bragança Paulista
3538709,Piracicaba,Piracicaba
3538808,Assis,Ourinhos
3538907,Bauru,Bauru
3539004,Ribeirão Preto,Jaboticabal
3539103,Metropolitana de São Paulo,Osasco
3539202,Presidente Prudente,Presidente Prudente
3539301,Campinas,Piraçununga
3539400,Bauru,Bauru
3539509,Ribeirão Preto,Jaboticabal
3539608,São José do Rio Preto,São José do Rio Preto
3539707,Assis,Assis
1702703,Oriental do Tocantins,Dianópolis
1702901,Ocidental do Tocantins,Bico do Papagaio
1703008,Ocidental do Tocantins,Araguaína
1703057,Ocidental do Tocantins,Araguaína
1703073,Oriental do Tocantins,Jalapão
1703107,Ocidental do Tocantins,Miracema do Tocantins
1703206,Ocidental do Tocantins,Miracema do Tocantins
1703305,Oriental do Tocantins,Porto Nacional
1703602,Ocidental do Tocantins,Miracema do Tocantins
1703701,Ocidental do Tocantins,Gurupi
1703800,Ocidental do Tocantins,Bico do Papagaio
1703826,Ocidental do Tocantins,Bico do Papagaio
1703842,Oriental do Tocantins,Jalapão
1703867,Ocidental do Tocantins,Gurupi
1703883,Ocidental do Tocantins,Araguaína
1703891,Ocidental do Tocantins,Bico do Papagaio
1703909,Ocidental do Tocantins,Miracema do Tocantins
1704105,Oriental do Tocantins,Jalapão
1705102,Oriental do Tocantins,Dianópolis
1704600,Ocidental do Tocantins,Rio Formoso
1705508,Ocidental do Tocantins,Araguaína
1716703,Ocidental do Tocantins,Miracema do Tocantins
1705557,Oriental do Tocantins,Dianópolis
3539806,Metropolitana de São Paulo,Moji das Cruzes
3539905,São José do Rio Preto,Nhandeara
3540002,Marília,Marília
3540101,Bauru,Bauru
3540200,Ribeirão Preto,Ribeirão Preto
3540259,São José do Rio Preto,Jales
3540309,São José do Rio Preto,Votuporanga
3540408,São José do Rio Preto,Jales
3540507,Itapetininga,Tatuí
3540606,Macro Metropolitana Paulista,Sorocaba
3540705,Campinas,Piraçununga
3540754,Vale do Paraíba Paulista,Guaratinguetá
3540804,São José do Rio Preto,São José do Rio Preto
1705607,Oriental do Tocantins,Dianópolis
1706100,Ocidental do Tocantins,Rio Formoso
1706258,Ocidental do Tocantins,Gurupi
1706506,Ocidental do Tocantins,Bico do Papagaio
1707009,Oriental do Tocantins,Dianópolis
1707108,Ocidental do Tocantins,Miracema do Tocantins
1707207,Ocidental do Tocantins,Miracema do Tocantins
1707306,Ocidental do Tocantins,Rio Formoso
1707405,Ocidental do Tocantins,Bico do Papagaio
1707553,Ocidental do Tocantins,Rio Formoso
1707652,Ocidental do Tocantins,Gurupi
1707702,Ocidental do Tocantins,Araguaína
1708205,Ocidental do Tocantins,Rio Formoso
1708304,Ocidental do Tocantins,Miracema do Tocantins
1709005,Oriental do Tocantins,Jalapão
1709302,Ocidental do Tocantins,Miracema do Tocantins
1709500,Ocidental do Tocantins,Gurupi
1709807,Oriental do Tocantins,Porto Nacional
1710508,Oriental do Tocantins,Jalapão
1710706,Ocidental do Tocantins,Bico do Papagaio
1710904,Oriental do Tocantins,Jalapão
1711100,Ocidental do Tocantins,Miracema do Tocantins
